Date;Time;Code;Object;Area;Status;Comment;CO2abs;dCO2ZP;dCO2MP;H2Oabs;dH2OZP;dH2OMP;Flow;Pamb;Aux1;Aux2;Tcuv;Tleaf;Tamb;Tmin;PARtop;PARbot;PARamb;Imp;rh;E;VPD;GH2O;A;ci;ca;wa;Fo;Fm;Fv/Fm;F;Fm';Fo';Fo'calc;Yield;ETR;qP;qL;qN;NPQ;Y(NPQ);ETR-Fac
yyyy-mm-dd;hh:mm:ss;string;No;cm2;string;;ppm;ppm;ppm;ppm;ppm;ppm;�mol/s;kPa;mV;mV;�C;�C;�C;�C;�mol m-2 s-1;�mol m-2 s-1;�mol m-2 s-1;steps;%;mmol m-2 s-1;Pa/kPa;mmol m-2 s-1;�mol m-2 s-1;ppm;ppm;ppm;mV;mV;;mV;mV;mV;mV;;;;;;;;
2021-03-11;09:12:09;ZPc005;0;8;AFF1FF111FF---1FF-------------;;399.3375;-0.4274895;;20442.32;-105.9759;;749.69;100.852;2618;1654;24.93;25.29;28.15;24.00;1500.0;30.8;41.0;7;;;;;;;;;;;;0;;;;;;;;;;;
2021-03-11;09:20:27;ZPi005;0;8;AFF1FF111FF---1FF-------------;CO2 Curve;399.294;-0.3924546;;20620.41;-77.61069;;749.63;100.872;2635;1598;24.90;26.41;27.88;25.24;1500.0;1.1;41.6;7;;;;;;;;;;;;554;;;;;;;;;;;
2021-03-11;09:24:28;MP_005;1;8;AFF1FF111FF---1FF-------------;;399.0784;-0.3924546;-13.51607;20567.05;-77.61069;1664.295;749.56;100.876;2640;1633;24.96;26.51;28.17;25.33;1499.9;0.9;41.6;7;71.23;1.669309;12.37848;134.8558;11.65182;245.0748;385.95;22309.0;;;;529;;;;;;;;;;;
2021-03-11;09:24:59;MP_005;1;8;AFF1FF111FF---1FF-------------;;399.19;-0.3924546;-13.58852;20555.31;-77.61069;1676.592;749.77;100.870;2641;1669;25.00;26.53;28.18;25.34;1499.9;0.6;41.4;7;71.08;1.681601;12.41753;135.4216;11.71846;244.9178;386.02;22318.4;;;;526;596;;;0.1174;73.99;;;;;;0.840
2021-03-11;09:28:14;ZPi005;0;8;AFF1FF111FF---1FF-------------;;299.692;-0.5722128;;20597.28;-82.05773;;749.68;100.874;2646;1655;24.99;26.55;28.36;25.41;1500.2;1.0;41.5;7;;;;;;;;;;;;503;;;;;;;;;;;
2021-03-11;09:32:14;MP_005;1;8;AFF1FF111FF---1FF-------------;;299.7662;-0.5722128;-10.76107;20570.39;-82.05773;1875.332;749.58;100.880;2652;1642;25.00;26.54;28.47;25.43;1499.5;0.6;41.5;7;71.77;1.876284;12.21981;153.5444;9.003329;193.4998;289.58;22527.8;;;;492;;;;;;;;;;;
2021-03-11;09:32:45;MP_005;1;8;AFF1FF111FF---1FF-------------;;299.9255;-0.5722128;-10.76906;20573.61;-82.05773;1895.443;749.64;100.880;2653;1671;25.06;26.56;28.44;25.44;1499.9;1.2;41.4;7;71.58;1.895791;12.236;154.9355;9.00576;194.4195;289.72;22557.5;;;;490;551;;;0.1107;69.74;;;;;;0.840
2021-03-11;09:36:00;ZPi005;0;8;AFF1FF111FF---1FF-------------;;199.5979;-0.5088869;;20587.66;-87.83324;;749.74;100.876;2656;1653;25.02;26.55;28.55;25.49;1499.5;1.1;41.2;7;;;;;;;;;;;;476;;;;;;;;;;;
2021-03-11;09:40:00;MP_005;1;8;AFF1FF111FF---1FF-------------;;199.7681;-0.5088869;-7.036301;20576.36;-87.83324;2021.289;749.55;100.874;2659;1677;25.02;26.55;28.60;25.47;1499.9;0.7;41.4;7;72.19;2.021986;12.08063;167.3742;5.725049;136.7711;193.24;22685.5;;;;470;;;;;;;;;;;
2021-03-11;09:40:31;MP_005;1;8;AFF1FF111FF---1FF-------------;;199.6329;-0.5088869;-7.056324;20572.96;-87.83324;2038.581;749.54;100.870;2660;1682;25.05;26.55;28.50;25.47;1499.9;1.2;41.4;7;72.09;2.038562;12.06216;169.0048;5.740812;137.0021;193.10;22698.3;;;;470;523;;;0.1013;63.84;;;;;;0.840
2021-03-11;09:43:46;ZPi005;0;8;AFF1FF111FF---1FF-------------;;99.34705;-0.5477127;;20582.22;-95.85954;;749.59;100.878;2662;1645;25.02;26.56;28.68;25.48;1499.7;0.6;41.2;7;;;;;;;;;;;;458;;;;;;;;;;;
2021-03-11;09:47:46;MP_005;1;8;AFF1FF111FF---1FF-------------;;99.40763;-0.5477127;-2.764245;20555.46;-95.85954;2127.932;749.57;100.860;2666;1679;25.02;26.54;28.72;25.50;1499.3;0.7;41.5;7;72.48;2.132182;11.96305;178.2307;1.869581;79.18145;97.19;22779.3;;;;451;;;;;;;;;;;
2021-03-11;09:48:17;MP_005;1;8;AFF1FF111FF---1FF-------------;;99.47517;-0.5477127;-2.783544;20565.02;-95.85954;2132.99;749.64;100.870;2665;1694;25.05;26.55;28.63;25.50;1499.9;0.6;41.4;7;72.39;2.137271;11.96432;178.6371;1.887315;79.09155;97.22;22794.0;;;;450;495;;;0.0909;57.27;;;;;;0.840
2021-03-11;09:51:32;ZPi005;0;8;AFF1FF111FF---1FF-------------;;49.61381;-0.5780534;;20579.9;-101.5333;;749.69;100.868;2669;1707;25.01;26.54;28.74;25.51;1499.9;0.7;41.4;7;;;;;;;;;;;;446;;;;;;;;;;;
2021-03-11;09:55:32;MP_005;1;8;AFF1FF111FF---1FF-------------;;49.56735;-0.5780534;-0.6366785;20563.57;-101.5333;2228.199;749.53;100.886;2673;1667;25.02;26.52;28.71;25.52;1499.9;1.0;41.5;7;72.84;2.23391;11.79732;189.3574;-5.567107E-02;49.06034;49.51;22893.3;;;;442;;;;;;;;;;;
2021-03-11;09:56:03;MP_005;1;8;AFF1FF111FF---1FF-------------;;49.56172;-0.5780534;-0.6368139;20569.05;-101.5333;2236.821;749.80;100.880;2673;1660;25.05;26.53;28.73;25.49;1499.9;1.2;41.9;7;72.76;2.243005;11.81172;189.8966;-5.593035E-02;49.04051;49.49;22907.2;;;;442;478;;;0.0753;47.44;;;;;;0.840
2021-03-11;09:59:18;ZPi005;0;8;AFF1FF111FF---1FF-------------;;400.5138;-0.6056016;;20584.76;-64.54379;;749.68;100.886;2674;1659;25.01;26.50;28.72;25.52;1499.9;0.6;41.2;7;;;;;;;;;;;;458;;;;;;;;;;;
2021-03-11;10:03:18;MP_005;1;8;AFF1FF111FF---1FF-------------;;399.4302;-0.6056016;-15.12747;20555.38;-64.54379;2207.521;749.63;100.888;2677;1701;25.00;26.50;28.78;25.49;1500.0;0.6;41.2;7;72.72;2.17874;11.83074;184.1591;12.7689;270.694;384.91;22827.5;;;;466;;;;;;;;;;;
2021-03-11;10:04:18;MP_005;1;8;AFF1FF111FF---1FF-------------;;399.5566;-0.6056016;-15.10215;20559.34;-64.54379;2197.101;749.64;100.888;2678;1673;25.00;26.51;28.80;25.52;1499.7;0.7;41.2;7;72.68;2.168765;11.84401;183.1107;12.74887;270.3916;385.06;22821.0;;;;466;;;;;;;;;;;
2021-03-11;10:05:18;MP_005;1;8;AFF1FF111FF---1FF-------------;;399.4467;-0.6056016;-15.1006;20565.26;-64.54379;2185.88;749.71;100.890;2679;1680;25.00;26.50;28.87;25.53;1499.7;0.6;41.4;7;72.67;2.158203;11.84209;182.2484;12.75304;269.7417;384.95;22815.7;;;;466;;;;;;;;;;;
2021-03-11;10:05:39;MP_005;1;8;AFF1FF111FF---1FF-------------;;399.5916;-0.6056016;-15.15004;20562.79;-64.54379;2177.933;749.72;100.890;2679;1685;25.03;26.50;28.87;25.50;1499.9;1.2;41.4;7;72.50;2.150583;11.84882;181.5019;12.80231;268.9541;385.03;22802.6;;;;466;531;;;0.1224;77.11;;;;;;0.840
2021-03-11;10:08:54;ZPi005;0;8;AFF1FF111FF---1FF-------------;;600.5103;-0.5656932;;20593.8;-48.92768;;749.60;100.884;2679;1689;25.02;26.54;28.79;25.57;1499.9;0.9;41.2;7;;;;;;;;;;;;479;;;;;;;;;;;
2021-03-11;10:12:54;MP_005;1;8;AFF1FF111FF---1FF-------------;;599.0016;-0.5656932;-21.52513;20518.49;-48.92768;2096.724;749.66;100.890;2683;1709;25.00;26.51;28.82;25.50;1499.5;0.6;41.0;7;72.20;2.057276;12.0104;171.2912;18.4515;400.8287;578.04;22664.1;;;;481;;;;;;;;;;;
2021-03-11;10:13:25;MP_005;1;8;AFF1FF111FF---1FF-------------;;599.8637;-0.5656932;-21.53721;20528.81;-48.92768;2077.965;749.67;100.900;2682;1713;25.03;26.52;28.84;25.50;1500.7;0.6;40.8;7;72.03;2.039279;12.03256;169.4801;18.47161;399.6901;578.90;22651.9;;;;482;560;;;0.1393;87.79;;;;;;0.840
2021-03-11;10:16:40;ZPi005;0;8;AFF1FF111FF---1FF-------------;;800.9848;-0.6930081;;20574.67;-37.0964;;749.65;100.880;2685;1708;25.01;26.52;28.93;25.51;1499.7;0.7;41.4;7;;;;;;;;;;;;494;;;;;;;;;;;
2021-03-11;10:20:40;MP_005;1;8;AFF1FF111FF---1FF-------------;;798.3925;-0.6930081;-25.80655;20557.97;-37.0964;1976.091;749.64;100.888;2686;1704;25.00;26.55;28.87;25.52;1499.7;0.6;41.1;7;71.89;1.930017;12.17929;158.4671;22.04017;543.7966;773.28;22571.2;;;;498;;;;;;;;;;;
2021-03-11;10:21:11;MP_005;1;8;AFF1FF111FF---1FF-------------;;798.4817;-0.6930081;-25.71401;20562.63;-37.0964;1958.478;749.64;100.880;2687;1688;25.03;26.56;28.89;25.52;1500.7;1.2;40.8;7;71.72;1.91312;12.2347;156.3683;21.96626;541.7997;773.50;22558.7;;;;497;584;;;0.1490;93.90;;;;;;0.840
2021-03-11;10:24:27;ZPi005;0;8;AFF1FF111FF---1FF-------------;;999.382;-0.5118956;;20593.52;-30.72479;;749.68;100.884;2689;1706;25.00;26.55;28.75;25.49;1499.7;1.0;41.2;7;;;;;;;;;;;;510;;;;;;;;;;;
2021-03-11;10:28:27;MP_005;1;8;AFF1FF111FF---1FF-------------;;997.5233;-0.5118956;-28.36266;20563.47;-30.72479;1802.043;749.68;100.884;2691;1675;25.00;26.57;28.87;25.50;1499.9;0.9;41.7;7;71.34;1.756822;12.41949;141.4569;24.39524;684.614;969.67;22396.2;;;;513;;;;;;;;;;;
2021-03-11;10:28:58;MP_005;1;8;AFF1FF111FF---1FF-------------;;997.5187;-0.5118956;-28.32961;20572.79;-30.72479;1789.838;749.51;100.880;2691;1662;25.05;26.58;28.92;25.47;1499.0;0.6;41.4;7;71.13;1.744744;12.43571;140.3011;24.37029;682.7158;969.72;22394.8;;;;513;604;;;0.1507;94.85;;;;;;0.840
2021-03-11;10:32:13;ZPi005;0;8;AFF1FF111FF---1FF-------------;;1193.559;-0.5126767;;20575.63;-16.83962;;749.75;100.886;2693;1699;25.01;26.59;28.79;25.48;1499.9;0.6;41.2;7;;;;;;;;;;;;523;;;;;;;;;;;
2021-03-11;10:36:13;MP_005;1;8;AFF1FF111FF---1FF-------------;;1194.589;-0.5126767;-29.81771;20564.43;-16.83962;1647.604;749.74;100.872;2695;1686;25.00;26.63;28.86;25.48;1499.7;1.0;41.4;7;70.80;1.595344;12.7149;125.4704;25.60504;827.1702;1165.28;22228.9;;;;522;;;;;;;;;;;
2021-03-11;10:36:44;MP_005;1;8;AFF1FF111FF---1FF-------------;;1194.142;-0.5126767;-29.70473;20549.71;-16.83962;1633.715;749.85;100.860;2695;1715;25.05;26.61;28.90;25.47;1499.0;1.2;41.4;7;70.50;1.582217;12.70836;124.5021;25.51911;825.3822;1164.86;22200.3;;;;522;616;;;0.1526;96.07;;;;;;0.840
2021-03-11;10:39:59;ZPi005;0;8;AFF1FF111FF---1FF-------------;;1379.582;-0.530737;;20578.08;-14.95715;;749.77;100.858;2696;1678;25.01;26.63;28.86;25.49;1499.9;0.7;41.1;7;;;;;;;;;;;;527;;;;;;;;;;;
2021-03-11;10:43:59;MP_005;1;8;AFF1FF111FF---1FF-------------;;1389.766;-0.530737;-30.29441;20550.01;-14.95715;1484.024;749.57;100.856;2700;1662;25.03;26.68;28.85;25.48;1499.7;0.6;41.2;7;70.11;1.436147;13.00497;110.4307;25.93413;970.0079;1360.00;22049.0;;;;525;;;;;;;;;;;
2021-03-11;10:44:30;MP_005;1;8;AFF1FF111FF---1FF-------------;;1389.677;-0.530737;-30.07936;20545.03;-14.95715;1461.761;749.77;100.860;2699;1658;25.05;26.66;28.90;25.49;1499.9;0.6;40.8;7;69.91;1.415162;12.99793;108.8759;25.76882;967.2294;1360.05;22015.1;;;;525;617;;;0.1491;93.93;;;;;;0.840
2021-03-11;10:47:45;ZPi005;0;8;AFF1FF111FF---1FF-------------;;1554.221;-0.4872123;;20582.89;-5.712016;;749.61;100.860;2701;1723;25.00;26.68;28.88;25.48;1500.0;0.7;41.1;7;;;;;;;;;;;;529;;;;;;;;;;;
2021-03-11;10:51:45;MP_005;1;8;AFF1FF111FF---1FF-------------;;1577.697;-0.4872123;-30.05392;20565.49;-5.712016;1244.771;749.76;100.856;2703;1670;25.01;26.72;28.84;25.44;1499.9;0.6;41.1;7;69.45;1.198088;13.33695;89.83229;25.85508;1071.883;1548.13;21816.0;;;;526;;;;;;;;;;;
2021-03-11;10:52:16;MP_005;1;8;AFF1FF111FF---1FF-------------;;1576.701;-0.4872123;-30.00267;20564.84;-5.712016;1230.917;749.80;100.860;2703;1692;25.03;26.74;28.89;25.46;1499.9;1.2;41.4;7;69.29;1.18486;13.38638;88.51233;25.83014;1064.709;1547.23;21798.9;;;;526;617;;;0.1475;92.91;;;;;;0.840
2021-03-11;10:55:31;ZPi005;0;8;AFF1FF111FF---1FF-------------;;1712.206;-0.372283;;20576.82;-3.733171;;749.68;100.860;2705;1705;24.99;26.76;28.90;25.46;1500.0;0.9;41.0;7;;;;;;;;;;;;529;;;;;;;;;;;
2021-03-11;10:59:31;MP_005;1;8;AFF1FF111FF---1FF-------------;;1744.533;-0.372283;-29.99196;20555.17;-3.733171;1036.014;749.75;100.864;2707;1687;24.99;26.80;28.90;25.45;1499.7;0.9;41.1;7;68.80;0.9959505;13.72808;72.5484;26.05136;1124.332;1714.91;21594.9;;;;526;;;;;;;;;;;
2021-03-11;11:00:02;MP_005;1;8;AFF1FF111FF---1FF-------------;;1743.867;-0.372283;-29.84122;20556.96;-3.733171;1014.21;749.75;100.860;2707;1678;25.03;26.80;28.92;25.44;1499.9;0.6;41.4;7;68.58;0.9750382;13.75013;70.9112;25.94632;1113.203;1714.33;21574.9;;;;526;617;;;0.1475;92.91;;;;;;0.840
2021-03-11;11:03:17;ZPi005;0;8;AFF1FF111FF---1FF-------------;;1797.775;-0.3868549;;20573.66;-4.717406;;749.72;100.852;2709;1724;25.01;26.84;28.98;25.47;1499.9;0.9;41.4;7;;;;;;;;;;;;526;;;;;;;;;;;
2021-03-11;11:07:17;MP_005;1;8;AFF1FF011FF---1FF-------------;;1758.334;-0.3868549;-28.17666;20571.46;-4.717406;828.1163;749.70;100.844;2712;1694;25.01;26.86;28.97;25.49;1499.9;0.9;41.0;7;68.13;0.7975416;14.05164;56.7579;24.66239;1022.52;1730.54;21404.3;;;;522;;;;;;;;;;;
2021-03-11;11:07:48;MP_005;1;8;AFF1FF111FF---1FF-------------;;1748.34;-0.3868549;-28.20278;20567.23;-4.717406;835.1799;749.70;100.830;2711;1702;25.06;26.88;29.02;25.47;1500.7;0.6;40.8;7;67.88;0.8042988;14.10584;57.01886;24.68317;1014.961;1720.37;21402.6;;;;522;612;;;0.1471;92.69;;;;;;0.840
2021-03-11;11:14:32;ZPi005;0;8;AFF1FF011FF---1FF-------------;ligth Curve;399.0117;-0.4735673;;20569.09;-58.88683;;749.68;100.834;2714;1697;24.98;26.72;28.85;25.47;1499.7;0.7;41.2;7;;;;;;;;;;;;458;;;;;;;;;;;
2021-03-11;11:20:34;MP_005;1;8;AFF1FF111FF---1FF-------------;;399.3163;-0.4735673;-13.24403;20549.74;-58.88683;1751.775;749.71;100.824;2716;1704;25.01;26.62;29.00;25.50;1500.0;0.9;40.9;7;71.15;1.735641;12.58413;137.923;11.29672;252.4999;386.55;22360.4;;;;462;;;;;;;;;;;
2021-03-11;11:21:34;MP_005;1;8;AFF1FF011FF---1FF-------------;;398.9441;-0.4735673;-13.31147;20551.29;-58.88683;1761.224;749.66;100.818;2716;1704;25.01;26.61;28.90;25.47;1499.3;1.0;41.0;7;71.19;1.744609;12.54829;139.0315;11.35646;252.4315;386.11;22371.4;;;;462;;;;;;;;;;;
2021-03-11;11:22:34;MP_005;1;8;AFF1FF011FF---1FF-------------;;399.3697;-0.4735673;-13.35069;20561.88;-58.88683;1752.311;749.80;100.818;2716;1709;24.99;26.60;28.84;25.47;1499.5;0.9;41.0;7;71.28;1.736395;12.51979;138.6919;11.39799;252.0529;386.49;22373.1;;;;462;;;;;;;;;;;
2021-03-11;11:23:34;MP_005;1;8;AFF1FF011FF---1FF-------------;;399.3692;-0.4735673;-13.37908;20543.66;-58.88683;1743.939;749.62;100.822;2716;1681;24.99;26.59;28.87;25.47;1500.0;0.9;40.9;7;71.17;1.727901;12.51893;138.023;11.42498;251.1074;386.46;22346.5;;;;462;;;;;;;;;;;
2021-03-11;11:24:34;MP_005;1;8;AFF1FF011FF---1FF-------------;;399.2144;-0.4735673;-13.40302;20554.55;-58.88683;1752.717;749.70;100.816;2715;1704;25.01;26.61;28.91;25.47;1500.0;1.1;41.0;7;71.14;1.73653;12.55439;138.3205;11.44566;250.959;386.29;22366.2;;;;462;;;;;;;;;;;
2021-03-11;11:24:35;MP_005;1;8;AFF1FF111FF---1FF-------------;;399.413;-0.4735673;-13.39464;20547.13;-58.88683;1753.666;749.75;100.810;2715;1731;25.03;26.60;28.94;25.47;1499.9;1.2;40.8;7;71.04;1.737552;12.52801;138.6934;11.43791;251.5953;386.48;22361.3;;;;462;527;;;0.1233;77.70;;;;;;0.840
2021-03-11;11:25:46;MP_005;1;8;AFF1FF011FF---1FF-------------;;399.3284;-0.4735673;-13.01784;20561.97;-58.88683;1629.278;749.53;100.810;2715;1699;24.94;26.10;28.79;25.55;999.9;0.6;41.1;7;71.07;1.617655;11.60826;139.3537;11.12719;256.3968;386.78;22250.1;;;;445;;;;;;;;;;;
2021-03-11;11:26:46;MP_005;1;8;AFF1FF011FF---1FF-------------;;399.1033;-0.4735673;-13.04341;20543.46;-58.88683;1607.229;749.71;100.812;2715;1701;24.96;26.10;28.79;25.53;1000.4;0.6;40.8;7;70.86;1.596838;11.65564;137.0013;11.16238;253.6104;386.53;22209.6;;;;445;;;;;;;;;;;
2021-03-11;11:27:46;MP_005;1;8;AFF1FF111FF---1FF-------------;;399.1281;-0.4735673;-13.02627;20548.1;-58.88683;1597.837;749.64;100.816;2717;1728;24.96;26.08;28.80;25.45;1000.1;0.5;41.1;7;70.87;1.587696;11.60718;136.7857;11.14881;253.6303;386.58;22204.8;;;;446;;;;;;;;;;;
2021-03-11;11:27:47;MP_005;1;8;AFF1FF011FF---1FF-------------;;399.4694;-0.4735673;-13.04207;20550.43;-58.88683;1598.583;749.64;100.810;2717;1731;25.00;26.09;28.82;25.46;999.0;0.6;40.8;7;70.69;1.588414;11.63316;136.5419;11.16291;253.4922;386.84;22206.8;;;;445;548;;;0.1880;78.87;;;;;;0.840
2021-03-11;11:28:58;MP_005;1;8;AFF1FF011FF---1FF-------------;;399.5464;-0.4735673;-12.67631;20560.46;-58.88683;1546.442;749.80;100.812;2718;1729;24.95;25.85;28.86;25.47;749.6;0.7;41.1;7;70.77;1.538691;11.19069;137.4975;10.84095;258.7067;387.34;22165.8;;;;443;;;;;;;;;;;
2021-03-11;11:29:58;MP_005;1;8;AFF1FF011FF---1FF-------------;;399.4641;-0.4735673;-12.72317;20556.87;-58.88683;1537.98;749.61;100.814;2719;1694;24.94;25.82;28.85;25.46;749.9;0.5;41.0;7;70.77;1.530189;11.13187;137.4602;10.88556;258.0742;387.21;22153.7;;;;445;;;;;;;;;;;
2021-03-11;11:30:58;MP_005;1;8;AFF1FF011FF---1FF-------------;;399.5587;-0.4735673;-12.76478;20562.91;-58.88683;1536.862;749.71;100.810;2718;1711;24.97;25.83;28.81;25.43;749.9;0.6;40.9;7;70.65;1.529328;11.15394;137.1111;10.92632;257.3436;387.27;22158.7;;;;445;;;;;;;;;;;
2021-03-11;11:30:59;MP_005;1;8;AFF1FF011FF---1FF-------------;;399.5657;-0.4735673;-12.75513;20554.14;-58.88683;1536.522;749.17;100.800;2718;1711;25.00;25.82;28.82;25.41;750.8;0.6;40.8;7;70.50;1.527893;11.14663;137.0722;10.90958;257.5077;387.27;22150.3;;;;445;586;;;0.2406;75.87;;;;;;0.840
2021-03-11;11:32:10;MP_005;1;8;AFF1FF011FF---1FF-------------;;399.3599;-0.4735673;-11.95368;20562.95;-58.88683;1478.348;749.64;100.814;2718;1720;24.94;25.56;28.93;25.44;500.3;0.5;41.0;7;70.60;1.473028;10.66578;138.1079;10.18614;267.3708;387.88;22100.2;;;;469;;;;;;;;;;;
2021-03-11;11:33:10;MP_005;1;8;AFF1FF011FF---1FF-------------;;399.5267;-0.4735673;-12.05025;20555.16;-58.88683;1481.082;749.77;100.816;2718;1728;24.96;25.57;28.75;25.43;499.8;0.5;41.1;7;70.50;1.475897;10.69563;137.9906;10.2773;266.3058;387.95;22095.1;;;;470;;;;;;;;;;;
2021-03-11;11:34:10;MP_005;1;8;AFF1FF011FF---1FF-------------;;399.3621;-0.4735673;-12.08046;20555;-58.88683;1463.16;749.77;100.808;2719;1729;24.96;25.56;28.64;25.40;499.8;0.5;40.9;7;70.43;1.458694;10.69154;136.4344;10.31257;264.4019;387.76;22077.1;;;;472;;;;;;;;;;;
2021-03-11;11:34:11;MP_005;1;8;AFF1FF011FF---1FF-------------;;399.4024;-0.4735673;-12.10664;20561.52;-58.88683;1460.966;749.59;100.820;2718;1687;25.03;25.57;28.66;25.39;500.0;0.6;40.8;7;70.16;1.456241;10.70328;136.0556;10.33546;263.7737;387.72;22080.2;;;;471;720;;;0.3458;72.62;;;;;;0.840
2021-03-11;11:35:22;MP_005;1;8;AFF1FF011FF---1FF-------------;;399.4686;-0.4735673;-9.23254;20555.81;-58.88683;1401.311;749.66;100.810;2719;1713;24.94;25.32;28.78;25.41;249.8;0.5;41.0;7;70.35;1.399117;10.27686;136.1426;7.661162;297.4077;390.71;22016.0;;;;493;;;;;;;;;;;
2021-03-11;11:36:22;MP_005;1;8;AFF1FF011FF---1FF-------------;;399.3535;-0.4735673;-9.611106;20556.65;-58.88683;1385.772;749.77;100.804;2719;1728;24.95;25.31;28.78;25.36;249.8;0.2;41.1;7;70.24;1.384419;10.28146;134.652;8.023643;291.7893;390.22;22001.3;;;;521;;;;;;;;;;;
2021-03-11;11:37:22;MP_005;1;8;AFF1FF011FF---1FF-------------;;399.1806;-0.4735673;-9.717092;20562.27;-58.88683;1363.029;749.69;100.808;2718;1694;24.94;25.28;28.75;25.35;250.0;0.2;40.9;7;70.22;1.36245;10.24165;133.0303;8.130964;289.1631;389.94;21984.2;;;;533;;;;;;;;;;;
2021-03-11;11:37:23;MP_005;1;8;AFF1FF011FF---1FF-------------;;399.295;-0.4735673;-9.715638;20564.79;-58.88683;1361.123;749.59;100.800;2719;1720;25.02;25.30;28.74;25.34;250.0;0.0;41.4;7;69.90;1.360439;10.27787;132.3659;8.129056;288.825;390.07;21981.8;;;;533;1156;;;0.5389;56.58;;;;;;0.840
2021-03-11;11:38:34;MP_005;1;8;AFF1FF011FF---1FF-------------;;399.5198;-0.4735673;-4.971956;20559.81;-58.88683;1316.042;749.59;100.804;2720;1728;24.95;25.17;28.76;25.35;99.8;0.1;40.9;7;70.04;1.317187;10.07045;130.7972;3.694627;345.1422;395.02;21934.7;;;;477;;;;;;;;;;;
2021-03-11;11:39:34;MP_005;1;8;AFF1FF111FF---1FF-------------;;399.2314;-0.4735673;-5.189578;20561.24;-58.88683;1288.357;749.89;100.804;2719;1686;24.97;25.19;28.82;25.33;99.6;0.4;40.9;7;69.85;1.291151;10.13449;127.4016;3.911259;340.8104;394.52;21908.5;;;;489;;;;;;;;;;;
2021-03-11;11:40:34;MP_005;1;8;AFF1FF011FF---1FF-------------;;399.3615;-0.4735673;-5.25194;20565.31;-58.88683;1263.761;749.72;100.810;2720;1709;24.99;25.20;28.78;25.32;99.8;0.2;40.8;7;69.72;1.267262;10.17834;124.5057;3.978026;338.9169;394.58;21888.0;;;;497;;;;;;;;;;;
2021-03-11;11:40:35;MP_005;1;8;AFF1FF011FF---1FF-------------;;399.1828;-0.4735673;-5.259933;20552.05;-58.88683;1262.755;749.57;100.810;2720;1703;25.02;25.17;28.78;25.30;99.8;0.6;40.8;7;69.56;1.266016;10.13597;124.9034;3.985286;338.841;394.41;21875.0;;;;497;1338;;;0.6286;26.35;;;;;;0.840
2021-03-11;11:41:46;MP_005;1;8;AFF1FF011FF---1FF-------------;;399.2988;-0.4735673;-3.060491;20560.48;-58.88683;1229.253;749.75;100.800;2719;1719;24.96;25.14;28.67;25.30;49.3;0.2;40.9;7;69.68;1.234191;10.09815;122.2195;1.934809;366.0085;396.71;21848.6;;;;477;;;;;;;;;;;
2021-03-11;11:42:46;MP_005;1;8;AFF1FF011FF---1FF-------------;;399.3924;-0.4735673;-2.984963;20560.7;-58.88683;1195.721;749.68;100.804;2720;1714;24.97;25.13;28.73;25.30;49.5;0.2;41.1;7;69.56;1.201914;10.12478;118.7101;1.876414;366.1963;396.88;21815.3;;;;477;;;;;;;;;;;
2021-03-11;11:43:46;MP_005;1;8;AFF1FF011FF---1FF-------------;;399.3679;-0.4735673;-3.059943;20557.61;-58.88683;1160.39;749.76;100.804;2720;1706;24.97;25.13;28.79;25.24;49.5;0.1;40.9;7;69.43;1.168143;10.16406;114.9288;1.96045;364.1386;396.78;21776.9;;;;484;;;;;;;;;;;
2021-03-11;11:43:47;MP_005;1;8;AFF1FF011FF---1FF-------------;;399.3063;-0.4735673;-3.055332;20558.06;-58.88683;1161.555;749.57;100.800;2719;1704;25.03;25.14;28.76;25.25;49.5;0.0;40.8;7;69.18;1.168959;10.17739;114.8583;1.955245;364.1312;396.73;21777.2;;;;485;1431;;;0.6611;13.74;;;;;;0.840
2021-03-11;11:44:58;MP_005;1;8;AFF1FF011FF---1FF-------------;;399.2982;-0.4735673;-1.933558;20558.95;-58.88683;1130.653;749.65;100.806;2720;1737;24.98;25.13;28.79;25.30;24.7;0.0;41.0;7;69.32;1.139462;10.19247;111.7945;0.9147888;378.898;397.84;21748.5;;;;473;;;;;;;;;;;
2021-03-11;11:45:58;MP_005;1;8;AFF1FF011FF---1FF-------------;;399.3301;-0.4735673;-1.759568;20556.36;-58.88683;1104.4;749.65;100.808;2720;1741;24.97;25.13;28.75;25.26;24.7;0.5;40.9;7;69.24;1.114272;10.21512;109.0807;0.7615323;380.9463;398.04;21719.6;;;;469;;;;;;;;;;;
2021-03-11;11:46:58;MP_005;1;8;AFF1FF011FF---1FF-------------;;399.3012;-0.4735673;-1.829679;20558.84;-58.88683;1082.056;749.77;100.800;2720;1698;24.98;25.14;28.83;25.27;24.7;0.2;40.8;7;69.14;1.093031;10.25037;106.6333;0.8360056;379.4988;397.95;21699.8;;;;473;;;;;;;;;;;
2021-03-11;11:46:59;MP_005;1;8;AFF1FF011FF---1FF-------------;;399.0473;-0.4735673;-1.816167;20569.64;-58.88683;1079.13;749.83;100.800;2720;1731;25.03;25.16;28.86;25.25;25.6;0.6;41.4;7;68.94;1.090305;10.28562;106.0028;0.8247249;379.3809;397.75;21701.5;;;;473;1486;;;0.6817;7.33;;;;;;0.840
2021-03-11;11:48:10;MP_005;1;8;AFF1FF111FF---1FF-------------;;399.4543;-0.4735673;-1.146855;20561.51;-58.88683;1045.949;749.71;100.800;2721;1695;24.96;25.11;28.86;25.26;9.4;0.2;40.9;7;69.13;1.058315;10.24131;103.3378;0.2089291;389.3314;398.78;21666.3;;;;465;;;;;;;;;;;
2021-03-11;11:49:10;MP_005;1;8;AFF1FF011FF---1FF-------------;;399.0479;-0.4735673;-1.052862;20552.62;-58.88683;1026.955;749.44;100.792;2721;1716;24.99;25.15;28.71;25.26;9.4;0.4;41.1;7;68.92;1.039715;10.34654;100.4891;0.1283895;390.1114;398.47;21638.5;;;;461;;;;;;;;;;;
2021-03-11;11:50:10;MP_005;1;8;AFF1FF011FF---1FF-------------;;399.5449;-0.4735673;-1.007527;20555.93;-58.88683;986.2095;749.57;100.788;2720;1721;24.97;25.13;28.74;25.25;9.4;0.1;41.4;7;68.85;1.000836;10.34901;96.7084;0.1009567;391.0052;399.01;21601.0;;;;461;;;;;;;;;;;
2021-03-11;11:50:11;MP_005;1;8;AFF1FF011FF---1FF-------------;;399.421;-0.4735673;-1.007371;20555.74;-58.88683;984.2765;749.57;100.790;2720;1704;25.02;25.12;28.76;25.25;8.5;0.0;41.4;7;68.67;0.9989758;10.33246;96.6832;0.1016743;390.8796;398.89;21598.5;;;;461;1527;;;0.6981;2.50;;;;;;0.840
2021-03-11;11:58:35;ZPi005;0;8;AFF1FF011FF---1FF-------------;Rh Curve;399.284;-0.5270106;;21080.35;-60.31439;;749.76;100.782;2725;1713;23.05;24.93;29.54;23.53;1500.2;1.1;41.1;7;;;;;;;;;;;;462;;;;;;;;;;;
2021-03-11;12:02:36;MP_005;1;8;AFF1FF011FF---1FF-------------;;399.2522;-0.5270106;-13.85931;21062.62;-60.31439;1380.539;749.66;100.780;2726;1753;22.99;24.86;29.46;23.71;1499.5;0.6;41.4;7;80.78;1.38127;8.906512;155.0854;11.9603;261.1165;385.92;22503.5;;;;462;;;;;;;;;;;
2021-03-11;12:03:36;MP_005;1;8;AFF1FF011FF---1FF-------------;;399.3022;-0.5270106;-14.06821;21071.35;-60.31439;1418.818;749.56;100.786;2728;1757;22.99;24.86;29.48;23.68;1499.2;0.6;41.4;7;80.95;1.417837;8.844354;160.3099;12.1404;263.1443;385.76;22550.5;;;;462;;;;;;;;;;;
2021-03-11;12:03:37;MP_005;1;8;AFF1FF011FF---1FF-------------;;399.3342;-0.5270106;-14.0949;21072.22;-60.31439;1421.697;749.96;100.780;2728;1762;23.03;24.87;29.45;23.71;1500.7;0.6;40.8;7;80.78;1.421367;8.858562;160.4512;12.17086;262.9445;385.76;22556.3;;;;462;523;;;0.1166;73.51;;;;;;0.840
2021-03-11;12:06:52;ZPi005;0;8;AFF1FF011FF---1FF-------------;;399.0622;-0.5228114;;19658.46;-53.20832;;749.68;100.798;2729;1775;22.98;24.81;29.38;23.70;1500.0;0.7;41.4;7;;;;;;;;;;;;462;;;;;;;;;;;
2021-03-11;12:10:52;MP_005;1;8;AFF1FF011FF---1FF-------------;;399.39;-0.5228114;-14.55679;19635.8;-53.20832;1706.096;749.65;100.792;2730;1762;22.96;24.78;29.27;23.71;1499.9;0.7;41.5;7;76.95;1.68463;9.872076;170.646;12.50161;266.0536;385.36;21395.1;;;;462;;;;;;;;;;;
2021-03-11;12:11:52;MP_005;1;8;AFF1FF011FF---1FF-------------;;399.3615;-0.5228114;-14.51978;19616.53;-53.20832;1698.321;749.95;100.800;2731;1733;22.97;24.79;29.44;23.71;1500.0;1.1;41.4;7;76.82;1.677805;9.921413;169.1094;12.47475;265.2526;385.36;21368.1;;;;462;;;;;;;;;;;
2021-03-11;12:11:53;MP_005;1;8;AFF1FF011FF---1FF-------------;;399.1121;-0.5228114;-14.48305;19608.98;-53.20832;1696.856;749.59;100.800;2732;1728;23.02;24.79;29.48;23.71;1500.7;0.6;41.4;7;76.57;1.675575;9.928175;168.7697;12.43522;265.1905;385.17;21355.5;;;;462;521;;;0.1132;71.38;;;;;;0.840
2021-03-11;12:15:09;ZPi005;0;8;AFF1FF011FF---1FF-------------;;399.4262;-0.5590068;;18974;-48.96446;;749.82;100.800;2732;1716;24.78;26.41;29.06;25.65;1499.3;0.9;41.5;7;;;;;;;;;;;;454;;;;;;;;;;;
2021-03-11;12:19:09;MP_005;1;8;AFF1FF011FF---1FF-------------;;399.3195;-0.5590068;-14.77173;18974.39;-48.96446;2204.881;749.92;100.792;2733;1710;24.84;26.42;28.95;25.54;1499.5;0.9;41.2;7;68.22;2.158564;13.32015;162.0525;12.49165;258.1724;385.11;21228.2;;;;450;;;;;;;;;;;
2021-03-11;12:20:09;MP_005;1;8;AFF1FF011FF---1FF-------------;;399.1577;-0.5590068;-14.69501;18969.88;-48.96446;2190.292;749.65;100.794;2734;1725;24.86;26.43;29.06;25.52;1499.5;0.9;41.0;7;68.07;2.143804;13.3589;160.4776;12.42098;257.5817;385.02;21209.1;;;;450;;;;;;;;;;;
2021-03-11;12:20:10;MP_005;1;8;AFF1FF011FF---1FF-------------;;399.4771;-0.5590068;-14.70249;18971.18;-48.96446;2190.221;749.62;100.790;2733;1712;24.89;26.42;29.03;25.52;1499.9;1.2;41.4;7;67.94;2.143629;13.34819;160.5933;12.42683;257.887;385.30;21208.0;;;;450;515;;;0.1262;79.51;;;;;;0.840
2021-03-11;12:23:25;ZPi005;0;8;AFF1FF011FF---1FF-------------;;399.4119;-0.5268042;;15801.37;-32.14227;;749.56;100.790;2734;1674;24.91;26.37;29.08;25.57;1499.9;0.6;41.2;7;;;;;;;;;;;;450;;;;;;;;;;;
2021-03-11;12:27:25;MP_005;1;8;AFF1FF011FF---1FF-------------;;399.2786;-0.5268042;-14.60775;15798.13;-32.14227;2618.076;749.68;100.792;2735;1691;24.94;26.38;28.99;25.54;1499.7;1.0;41.4;7;58.92;2.530182;16.07745;157.3746;12.22055;256.0184;385.20;18448.4;;;;450;;;;;;;;;;;
2021-03-11;12:28:25;MP_005;1;8;AFF1FF011FF---1FF-------------;;399.409;-0.5268042;-14.55381;15802.41;-32.14227;2580.403;749.71;100.792;2735;1674;24.96;26.40;29.11;25.54;1499.5;0.9;41.2;7;58.75;2.494252;16.15115;154.4318;12.18403;254.2465;385.38;18415.0;;;;450;;;;;;;;;;;
2021-03-11;12:28:26;MP_005;1;8;AFF1FF011FF---1FF-------------;;399.1676;-0.5268042;-14.58951;15783.17;-32.14227;2584.165;749.80;100.790;2735;1718;25.00;26.44;29.06;25.55;1499.9;1.2;40.8;7;58.59;2.498124;16.23697;153.8541;12.21811;253.1888;385.16;18409.3;;;;450;515;;;0.1262;79.51;;;;;;0.840
2021-03-11;12:31:42;ZPi005;0;8;AFF1FF011FF---1FF-------------;;399.2779;-0.5441568;;15095.84;-33.80296;;749.89;100.788;2735;1702;27.91;29.01;28.89;28.49;1499.9;0.7;41.2;7;;;;;;;;;;;;442;;;;;;;;;;;
2021-03-11;12:35:42;MP_005;1;8;AFF1FF011FF---1FF-------------;;399.4336;-0.5441568;-13.87169;15066.01;-33.80296;2981.359;749.75;100.784;2737;1701;27.93;29.01;28.89;28.20;1499.3;0.9;41.1;7;48.41;2.8778;22.34135;128.8105;11.37924;237.4283;386.11;18081.2;;;;442;;;;;;;;;;;
2021-03-11;12:36:42;MP_005;1;8;AFF1FF011FF---1FF-------------;;399.2629;-0.5441568;-13.79248;15072.97;-33.80296;2943.72;749.71;100.782;2736;1695;27.94;29.02;28.93;28.14;1499.9;0.9;41.2;7;48.29;2.841648;22.38869;126.9234;11.31861;236.036;386.01;18050.5;;;;442;;;;;;;;;;;
2021-03-11;12:37:42;MP_005;1;8;AFF1FF011FF---1FF-------------;;399.1939;-0.5441568;-13.78728;15065.49;-33.80296;2925.864;749.73;100.788;2737;1677;27.95;29.02;29.02;28.17;1499.7;0.7;41.2;7;48.20;2.824613;22.41968;125.9881;11.32084;234.9174;385.95;18025.2;;;;442;;;;;;;;;;;
2021-03-11;12:38:42;MP_005;1;8;AFF1FF011FF---1FF-------------;;398.9619;-0.5441568;-13.72795;15074.33;-33.80296;2908.157;749.63;100.790;2737;1690;27.95;29.02;28.95;28.14;1499.7;0.9;41.0;7;48.19;2.807318;22.41269;125.2558;11.27077;234.5614;385.78;18016.3;;;;442;;;;;;;;;;;
2021-03-11;12:39:42;MP_005;1;8;AFF1FF011FF---1FF-------------;;399.1536;-0.5441568;-13.77288;15075.74;-33.80296;2918.172;749.58;100.790;2736;1725;27.95;29.03;28.91;28.12;1500.0;0.9;41.1;7;48.21;2.816711;22.42384;125.6123;11.30797;234.6354;385.92;18027.7;;;;442;;;;;;;;;;;
2021-03-11;12:39:43;MP_005;1;8;AFF1FF011FF---1FF-------------;;399.3125;-0.5441568;-13.7843;15078.41;-33.80296;2917.754;749.80;100.770;2736;1724;28.00;29.03;28.89;28.13;1499.9;1.2;40.8;7;48.07;2.817141;22.43018;125.596;11.3218;234.5553;386.04;18029.7;;;;442;511;;;0.1350;85.06;;;;;;0.840
2021-03-11;12:42:58;ZPi005;0;8;AFF1FF011FF---1FF-------------;;399.3247;-0.5705543;;13219.65;-24.37832;;749.52;100.792;2737;1698;27.97;28.98;28.88;28.13;1499.9;0.6;41.1;7;;;;;;;;;;;;442;;;;;;;;;;;
2021-03-11;12:46:58;MP_005;1;8;AFF1FF011FF---1FF-------------;;399.6193;-0.5705543;-13.36141;13185.32;-24.37832;2980.656;749.60;100.782;2738;1764;27.97;29.02;28.87;28.11;1500.0;0.7;41.5;7;43.24;2.862063;24.27361;117.9085;10.87794;231.2053;386.83;16190.4;;;;442;;;;;;;;;;;
2021-03-11;12:47:58;MP_005;1;8;AFF1FF011FF---1FF-------------;;399.4033;-0.5705543;-13.319;13179.62;-24.37832;2971.5;749.65;100.776;2737;1737;27.98;29.01;28.89;28.07;1499.7;0.7;41.2;7;43.18;2.853479;24.27609;117.5428;10.84277;231.0556;386.65;16175.5;;;;442;;;;;;;;;;;
2021-03-11;12:47:59;MP_005;1;8;AFF1FF011FF---1FF-------------;;399.3838;-0.5705543;-13.31399;13184.17;-24.37832;2971.298;749.75;100.780;2738;1739;28.02;29.01;28.87;28.06;1499.9;0.6;41.4;7;43.09;2.853666;24.27386;117.5613;10.83968;231.0831;386.62;16176.1;;;;442;507;;;0.1282;80.76;;;;;;0.840
2021-03-11;12:51:14;ZPi005;0;8;AFF1FF011FF---1FF-------------;;399.2502;-0.5545194;;11308.16;-14.92984;;749.74;100.776;2738;1758;27.97;28.98;28.93;28.10;1499.7;0.7;40.9;7;;;;;;;;;;;;442;;;;;;;;;;;
2021-03-11;12:55:14;MP_005;1;8;AFF1FF011FF---1FF-------------;;399.143;-0.5545194;-13.2689;11301.62;-14.92984;3211.555;749.67;100.774;2739;1744;27.97;29.00;28.89;28.10;1499.9;1.0;41.4;7;38.80;3.068072;25.91175;118.4047;10.7289;232.5631;386.43;14528.1;;;;442;;;;;;;;;;;
2021-03-11;12:56:14;MP_005;1;8;AFF1FF011FF---1FF-------------;;399.497;-0.5545194;-13.18959;11288.28;-14.92984;3176.899;749.48;100.768;2739;1739;27.98;29.00;28.81;28.10;1500.0;0.7;41.1;7;38.64;3.034189;25.96301;116.8658;10.66331;231.9888;386.86;14480.1;;;;441;;;;;;;;;;;
2021-03-11;12:56:15;MP_005;1;8;AFF1FF011FF---1FF-------------;;399.3043;-0.5545194;-13.23423;11286.9;-14.92984;3175.236;749.72;100.770;2738;1721;28.00;29.01;28.82;28.06;1499.0;0.6;41.4;7;38.58;3.03357;26.00987;116.6315;10.70987;230.8819;386.66;14470.5;;;;441;507;;;0.1302;81.96;;;;;;0.840
