DateTime_start,date,duration,T,Rh,Câ‚,PAR_instruction,Ri_PAR_f,Scenario,Sequence,Plant,transpiration_diff_g_s,transpiration_linear_g_s,CO2_outflux_umol_s,Wind
2021-03-12T00:06:30.0,2021-03-12T00:06:30.0,5 minutes,22.654545454545453,0.7959090909090908,416.3636363636364,1.0e-9,1.0e-9,400ppm,4,5,0.0007500000000002154,0.0005035317810932712,-0.223057568,10.0
2021-03-12T00:16:30.0,2021-03-12T00:16:30.0,5 minutes,22.599999999999998,0.7974545454545453,417.09090909090907,1.0e-9,1.0e-9,400ppm,4,5,-0.00048355263157873196,-0.0006168631837235754,-0.219488054,10.0
2021-03-12T00:26:30.0,2021-03-12T00:26:30.0,5 minutes,22.599999999999998,0.8,416.8181818181818,1.0e-9,1.0e-9,400ppm,4,5,0.0003102310231009775,0.0003851757403224123,-0.219073682,10.0
2021-03-12T00:36:30.0,2021-03-12T00:36:30.0,5 minutes,22.599999999999998,0.7984545454545452,416.8181818181818,1.0e-9,1.0e-9,400ppm,4,5,0.0002483443708603248,5.8742519467814014e-5,-0.220989792,10.0
2021-03-12T00:46:30.0,2021-03-12T00:46:30.0,5 minutes,22.599999999999998,0.7984545454545454,416.8181818181818,1.0e-9,1.0e-9,400ppm,4,5,0.0006571428571430948,0.000513739314355511,-0.220619001,10.0
2021-03-12T00:56:30.0,2021-03-12T00:56:30.0,5 minutes,22.63636363636363,0.7989999999999999,416.45454545454544,1.0e-9,1.0e-9,400ppm,4,5,-0.00018000000000029104,-0.00011034080878894526,-0.223053051,10.0
2021-03-12T01:06:30.0,2021-03-12T01:06:30.0,5 minutes,22.59090909090909,0.8045454545454543,416.09090909090907,1.0e-9,1.0e-9,400ppm,4,5,0.0004736842105255858,0.0006649302215442652,-0.219764055,10.0
2021-03-12T01:16:30.0,2021-03-12T01:16:30.0,5 minutes,22.64545454545454,0.8009090909090909,416.72727272727275,1.0e-9,1.0e-9,400ppm,4,5,0.00021052631579047891,0.0002558095032488291,-0.217227154,10.0
2021-03-12T01:26:30.0,2021-03-12T01:26:30.0,5 minutes,22.654545454545453,0.8016363636363636,416.45454545454544,1.0e-9,1.0e-9,400ppm,4,5,0.00032679738562061783,0.00048623129870243724,-0.219394131,10.0
2021-03-12T01:36:30.0,2021-03-12T01:36:30.0,5 minutes,22.60909090909091,0.7927272727272726,417.1818181818182,1.0e-9,1.0e-9,400ppm,4,5,0.0004736842105255858,0.00024637489272977,-0.215466746,10.0
2021-03-12T01:46:30.0,2021-03-12T01:46:30.0,5 minutes,22.599999999999998,0.7929999999999999,417.3636363636364,1.0e-9,1.0e-9,400ppm,4,5,0.00011881188118831092,-9.384610068736423e-5,-0.212280961,10.0
2021-03-12T01:56:30.0,2021-03-12T01:56:30.0,5 minutes,22.681818181818176,0.8031818181818181,418.8181818181818,1.0e-9,1.0e-9,400ppm,4,5,-3.278688523767146e-6,-0.00065283838522113,-0.214070353,10.0
2021-03-12T02:06:30.0,2021-03-12T02:06:30.0,5 minutes,22.599999999999998,0.7979999999999998,417.72727272727275,1.0e-9,1.0e-9,400ppm,4,5,-0.00020261437908463445,-2.0134228187662932e-5,-0.213825369,10.0
2021-03-12T02:16:30.0,2021-03-12T02:16:30.0,4 minutes,22.599999999999998,0.7954545454545456,418.3636363636364,1.0e-9,1.0e-9,400ppm,4,5,-0.0007966804979253414,-0.00015301078627726842,-0.212377572,10.0
2021-03-12T02:25:30.0,2021-03-12T02:25:30.0,5 minutes,22.599999999999998,0.7973636363636364,418.3636363636364,1.0e-9,1.0e-9,400ppm,4,5,0.0003455149501654966,-8.634141944342314e-5,-0.21472372,10.0
2021-03-12T02:35:30.0,2021-03-12T02:35:30.0,5 minutes,22.599999999999998,0.7957272727272727,418.54545454545456,1.0e-9,1.0e-9,400ppm,4,5,-0.0003557692307688343,0.00010948911866373034,-0.214876105,10.0
2021-03-12T02:45:30.0,2021-03-12T02:45:30.0,5 minutes,22.599999999999998,0.8019999999999999,417.90909090909093,1.0e-9,1.0e-9,400ppm,4,5,7.119741100302433e-5,-8.81051058676978e-5,-0.21585924,10.0
2021-03-12T02:55:30.0,2021-03-12T02:55:30.0,5 minutes,22.599999999999998,0.7979999999999998,417.72727272727275,1.0e-9,1.0e-9,400ppm,4,5,0.0007156862745084843,0.0006837464792801446,-0.216897248,10.0
2021-03-12T03:05:30.0,2021-03-12T03:05:30.0,5 minutes,22.599999999999998,0.7985454545454543,417.09090909090907,1.0e-9,1.0e-9,400ppm,4,5,0.0004934210526318781,0.00025931754386845094,-0.213640258,10.0
2021-03-12T03:15:30.0,2021-03-12T03:15:30.0,5 minutes,22.599999999999998,0.802181818181818,417.6363636363636,1.0e-9,1.0e-9,400ppm,4,5,-0.00016828478964444856,-2.1379834676051427e-5,-0.219708967,10.0
2021-03-12T03:25:30.0,2021-03-12T03:25:30.0,5 minutes,22.563636363636363,0.7962727272727272,417.0,1.0e-9,1.0e-9,400ppm,4,5,0.0007203947368422728,0.0005071005829531989,-0.220876895,10.0
2021-03-12T03:35:30.0,2021-03-12T03:35:30.0,5 minutes,22.599999999999998,0.8028181818181817,417.1818181818182,1.0e-9,1.0e-9,400ppm,4,5,8.278145695394353e-5,-0.00023609818259648862,-0.218674539,10.0
2021-03-12T03:45:30.0,2021-03-12T03:45:30.0,5 minutes,22.599999999999998,0.801090909090909,417.6363636363636,1.0e-9,1.0e-9,400ppm,4,5,-0.0008534201954388151,-0.0013062840607659407,-0.221686665,10.0
2021-03-12T03:55:30.0,2021-03-12T03:55:30.0,5 minutes,22.599999999999998,0.795818181818182,418.09090909090907,1.0e-9,1.0e-9,400ppm,4,5,7.260726072735731e-5,-8.975403159986871e-5,-0.218175616,10.0
2021-03-12T04:05:30.0,2021-03-12T04:05:30.0,5 minutes,22.599999999999998,0.8018181818181819,416.72727272727275,1.0e-9,1.0e-9,400ppm,4,5,5.970149253590168e-6,-0.00010620860040647968,-0.220213088,10.0
2021-03-12T04:15:30.0,2021-03-12T04:15:30.0,5 minutes,22.67272727272727,0.7985454545454546,417.72727272727275,1.0e-9,1.0e-9,400ppm,4,5,0.00016339869281105195,-0.0003820340758116744,-0.219534327,10.0
2021-03-12T04:25:30.0,2021-03-12T04:25:30.0,5 minutes,22.64545454545454,0.7894545454545455,416.72727272727275,1.0e-9,1.0e-9,400ppm,4,5,0.0009042904290440329,0.00040217289362198144,-0.221469032,10.0
2021-03-12T04:35:30.0,2021-03-12T04:35:30.0,5 minutes,22.66363636363636,0.7947272727272727,417.6363636363636,1.0e-9,1.0e-9,400ppm,4,5,0.0008453947368423087,0.0006438428300045781,-0.221300029,10.0
2021-03-12T04:45:30.0,2021-03-12T04:45:30.0,5 minutes,22.62727272727272,0.8021818181818183,418.1818181818182,1.0e-9,1.0e-9,400ppm,4,5,0.0006480263157898566,0.00013470359173338583,-0.220330004,10.0
2021-03-12T04:55:30.0,2021-03-12T04:55:30.0,5 minutes,22.618181818181814,0.8018181818181819,416.8181818181818,1.0e-9,1.0e-9,400ppm,4,5,-4.9382716048214966e-5,-0.00021174522911822903,-0.225875076,10.0
2021-03-12T05:05:30.0,2021-03-12T05:05:30.0,5 minutes,22.56363636363636,0.8090909090909093,417.27272727272725,1.0e-9,1.0e-9,400ppm,4,5,-0.00029573170731770536,-0.00023820491232691632,-0.226867857,10.0
2021-03-12T05:15:30.0,2021-03-12T05:15:30.0,5 minutes,22.81818181818182,0.8154545454545453,417.6363636363636,1.0e-9,1.0e-9,400ppm,4,5,0.0006928104575163042,0.0008110864572378035,-0.224041617,10.0
2021-03-12T05:25:30.0,2021-03-12T05:25:30.0,5 minutes,23.309090909090912,0.8017272727272727,417.45454545454544,1.0e-9,1.0e-9,400ppm,4,5,-0.00016501650164926453,-0.0005080511648064771,-0.228364181,10.0
2021-03-12T05:35:30.0,2021-03-12T05:35:30.0,5 minutes,23.55454545454545,0.7960909090909091,419.3636363636364,1.0e-9,1.0e-9,400ppm,4,5,0.0012603305785135993,0.0013989846787108037,-0.229325094,10.0
2021-03-12T05:45:30.0,2021-03-12T05:45:30.0,5 minutes,23.736363636363638,0.8003636363636363,419.1818181818182,1.0e-9,1.0e-9,400ppm,4,5,-0.000247524752476148,-0.0002278103282480794,-0.23390281,10.0
2021-03-12T05:55:30.0,2021-03-12T05:55:30.0,5 minutes,23.981818181818184,0.8076363636363637,418.45454545454544,1.0e-9,1.0e-9,400ppm,4,5,0.0004999999999993224,0.0009052097147328787,-0.236938059,10.0
2021-03-12T06:05:30.0,2021-03-12T06:05:30.0,5 minutes,24.290909090909096,0.8060909090909091,418.8181818181818,0.022727272727272728,14.748636363636365,400ppm,4,5,9.345794393010695e-6,0.000151465264648265,-0.212965305,10.0
2021-03-12T06:15:30.0,2021-03-12T06:15:30.0,5 minutes,24.545454545454547,0.8059090909090911,417.8181818181818,0.060909090909090906,39.52634545454546,400ppm,4,5,0.0009409836065567449,0.00035388567131170107,-0.154613298,10.0
2021-03-12T06:25:30.0,2021-03-12T06:25:30.0,5 minutes,24.827272727272728,0.8034545454545454,415.6363636363636,0.09909090909090908,64.30405454545455,400ppm,4,5,0.0018178807947019145,0.002014598794641306,-0.085559167,10.0
2021-03-12T06:35:30.0,2021-03-12T06:35:30.0,5 minutes,25.172727272727272,0.7989090909090908,414.1818181818182,0.13727272727272727,89.08176363636365,400ppm,4,5,0.001993421052630813,0.001751847987636605,0.025437673,10.0
2021-03-12T06:45:30.0,2021-03-12T06:45:30.0,5 minutes,25.454545454545453,0.7942727272727274,412.8181818181818,0.17727272727272728,115.03936363636365,400ppm,4,5,0.0025993485342012197,0.00207906474889407,0.165657249,10.0
2021-03-12T06:55:30.0,2021-03-12T06:55:30.0,5 minutes,25.627272727272725,0.7979999999999998,410.72727272727275,0.21545454545454545,139.81707272727274,400ppm,4,5,0.0024473684210530983,0.00229945848109183,0.319071982,10.0
2021-03-12T07:05:30.0,2021-03-12T07:05:30.0,5 minutes,25.836363636363636,0.7983636363636363,407.27272727272725,0.2590909090909091,168.13445454545456,400ppm,4,5,0.0018291139240505523,0.0016730050996412362,0.480672669,10.0
2021-03-12T07:15:30.0,2021-03-12T07:15:30.0,5 minutes,26.14545454545454,0.7972727272727274,404.27272727272725,0.3054545454545455,198.22167272727276,400ppm,4,5,0.0035794701986744245,0.0030395477411953474,0.642278159,10.0
2021-03-12T07:25:30.0,2021-03-12T07:25:30.0,5 minutes,26.5,0.7865454545454547,402.72727272727275,0.3536363636363637,229.48878181818188,400ppm,4,5,0.0027442622950819315,0.002456010510182019,0.792009439,10.0
2021-03-12T07:35:30.0,2021-03-12T07:35:30.0,5 minutes,26.936363636363637,0.774,399.09090909090907,0.39909090909090905,258.9860545454545,400ppm,4,5,0.004596721311475553,0.00441047754018231,0.932704582,10.0
2021-03-12T07:45:30.0,2021-03-12T07:45:30.0,5 minutes,27.13636363636363,0.7702727272727272,396.8181818181818,0.4454545454545455,289.07327272727275,400ppm,4,5,0.003420195439740006,0.003973867325677085,1.086255903,10.0
2021-03-12T07:55:30.0,2021-03-12T07:55:30.0,5 minutes,27.44545454545454,0.7649999999999999,395.09090909090907,0.49363636363636365,320.34038181818187,400ppm,4,5,0.0039058441558440732,0.0038814583030130105,1.21819679,10.0
2021-03-12T08:05:30.0,2021-03-12T08:05:30.0,5 minutes,27.763636363636365,0.7582727272727271,391.8181818181818,0.5390909090909091,349.83765454545454,400ppm,4,5,0.003835390946501189,0.0035556581861873955,1.339814575,10.0
2021-03-12T08:15:30.0,2021-03-12T08:15:30.0,5 minutes,28.14545454545454,0.7511818181818183,390.54545454545456,0.5854545454545454,379.92487272727277,400ppm,4,5,0.004960912052117714,0.0038888508198786226,1.447721879,10.0
2021-03-12T08:25:30.0,2021-03-12T08:25:30.0,5 minutes,28.44545454545454,0.7383636363636366,389.09090909090907,0.6336363636363637,411.1919818181819,400ppm,4,5,0.0053432343234328114,0.004817550486274708,1.545763042,10.0
2021-03-12T08:35:30.0,2021-03-12T08:35:30.0,5 minutes,28.8,0.7307272727272728,388.1818181818182,0.6790909090909091,440.68925454545456,400ppm,4,5,0.004617161716172746,0.0040016158381989035,1.62138394,10.0
2021-03-12T08:45:30.0,2021-03-12T08:45:30.0,5 minutes,29.0,0.7228181818181818,387.3636363636364,0.7254545454545455,470.7764727272728,400ppm,4,5,0.005647840531562368,0.004933845760443564,1.692073975,10.0
2021-03-12T08:55:30.0,2021-03-12T08:55:30.0,5 minutes,29.118181818181814,0.729909090909091,385.45454545454544,0.7736363636363636,502.0435818181818,400ppm,4,5,0.004934210526315789,0.004474947679428455,1.750767404,10.0
2021-03-12T09:05:30.0,2021-03-12T09:05:30.0,5 minutes,29.58181818181818,0.7212727272727273,384.3636363636364,0.7981818181818181,517.972109090909,400ppm,4,5,0.004940789473684055,0.004653266282107717,1.801820772,10.0
2021-03-12T09:15:30.0,2021-03-12T09:15:30.0,5 minutes,29.9,0.6980909090909093,383.72727272727275,0.8163636363636364,529.7710181818182,400ppm,4,5,0.006248344370859987,0.00574195030131651,1.829967674,10.0
2021-03-12T09:25:30.0,2021-03-12T09:25:30.0,5 minutes,29.981818181818184,0.6850909090909092,382.1818181818182,0.8345454545454545,541.5699272727272,400ppm,4,5,0.00561056105610501,0.00519332705835624,1.850741868,10.0
2021-03-12T09:35:30.0,2021-03-12T09:35:30.0,5 minutes,30.236363636363638,0.68,381.8181818181818,0.8527272727272727,553.3688363636363,400ppm,4,5,0.00665231788079475,0.00602337462383684,1.864854543,10.0
2021-03-12T09:45:30.0,2021-03-12T09:45:30.0,5 minutes,30.4,0.6618181818181819,382.3636363636364,0.870909090909091,565.1677454545455,400ppm,4,5,0.0069238410596023,0.006220924801494074,1.869409043,10.0
2021-03-12T09:55:30.0,2021-03-12T09:55:30.0,5 minutes,30.463636363636365,0.659909090909091,383.3636363636364,0.890909090909091,578.1465454545455,400ppm,4,5,0.005468646864685472,0.00528356706007681,1.875881871,10.0
2021-03-12T10:05:30.0,2021-03-12T10:05:30.0,5 minutes,30.800000000000008,0.6458181818181816,383.3636363636364,0.9081818181818181,589.3555090909091,400ppm,4,5,0.006066445182724325,0.005339342582454351,1.867706906,10.0
2021-03-12T10:15:30.0,2021-03-12T10:15:30.0,5 minutes,30.89090909090909,0.6348181818181817,382.8181818181818,0.9245454545454546,599.9745272727273,400ppm,4,5,0.006552631578947991,0.005652093362438088,1.869871191,10.0
2021-03-12T10:25:30.0,2021-03-12T10:25:30.0,5 minutes,31.272727272727277,0.6194545454545455,382.3636363636364,0.9409090909090909,610.5935454545455,400ppm,4,5,0.006603960396040276,0.0058050254500314775,1.860573948,10.0
2021-03-12T10:35:30.0,2021-03-12T10:35:30.0,5 minutes,31.500000000000004,0.607909090909091,382.54545454545456,0.9581818181818181,621.8025090909091,400ppm,4,5,0.007115894039734726,0.0062310803634785085,1.849933316,10.0
2021-03-12T10:45:30.0,2021-03-12T10:45:30.0,5 minutes,31.699999999999992,0.5898181818181819,382.09090909090907,0.9745454545454545,632.4215272727273,400ppm,4,5,0.00685294117646978,0.006245878868248997,1.841830083,10.0
2021-03-12T10:55:30.0,2021-03-12T10:55:30.0,5 minutes,31.699999999999992,0.5837272727272727,381.8181818181818,0.990909090909091,643.0405454545455,400ppm,4,5,0.007384868421053768,0.006398875905932311,1.824659049,10.0
2021-03-12T11:05:30.0,2021-03-12T11:05:30.0,5 minutes,32.0,0.5745454545454546,383.27272727272725,1.0,648.94,400ppm,4,5,0.006691558441558926,0.0066035366031155975,1.806949547,10.0
2021-03-12T11:15:30.0,2021-03-12T11:15:30.0,5 minutes,32.0,0.5687272727272726,383.27272727272725,1.0,648.94,400ppm,4,5,0.006930693069306631,0.006454510901488473,1.792367724,10.0
2021-03-12T11:25:30.0,2021-03-12T11:25:30.0,5 minutes,32.0,0.5679090909090909,383.90909090909093,1.0,648.94,400ppm,4,5,0.007049180327869151,0.006451862739832155,1.773205826,10.0
2021-03-12T11:35:30.0,2021-03-12T11:35:30.0,5 minutes,32.08181818181818,0.5686363636363637,383.8181818181818,1.0,648.94,400ppm,4,5,0.006743421052630681,0.0061465217176941925,1.76053759,10.0
2021-03-12T11:45:30.0,2021-03-12T11:45:30.0,5 minutes,32.48181818181818,0.5499090909090909,383.54545454545456,1.0,648.94,400ppm,4,5,0.007377049180327869,0.006600768431575833,1.744863333,10.0
2021-03-12T11:55:30.0,2021-03-12T11:55:30.0,5 minutes,32.43636363636363,0.5460000000000002,383.3636363636364,1.0,648.94,400ppm,4,5,0.0063006535947723475,0.005614159240913339,1.727180995,10.0
2021-03-12T12:05:30.0,2021-03-12T12:05:30.0,5 minutes,32.43636363636363,0.5462727272727274,384.27272727272725,1.0,648.94,400ppm,4,5,0.006930693069306631,0.006483229427356707,1.707098852,10.0
2021-03-12T12:15:30.0,2021-03-12T12:15:30.0,5 minutes,32.454545454545446,0.5433636363636364,384.3636363636364,1.0,648.94,400ppm,4,5,0.0068943894389437025,0.006060487592984221,1.69050342,10.0
2021-03-12T12:25:30.0,2021-03-12T12:25:30.0,5 minutes,32.5,0.5384545454545454,385.0,1.0,648.94,400ppm,4,5,0.007930693069307748,0.006975309559924871,1.678358479,10.0
2021-03-12T12:35:30.0,2021-03-12T12:35:30.0,5 minutes,32.55454545454546,0.5338181818181817,384.8181818181818,1.0,648.94,400ppm,4,5,0.007236842105262559,0.006934731453779134,1.668233367,10.0
2021-03-12T12:45:30.0,2021-03-12T12:45:30.0,5 minutes,32.60000000000001,0.5272727272727272,384.6363636363636,1.0,648.94,400ppm,4,5,0.007832236842106292,0.006688831705077228,1.661578664,10.0
2021-03-12T12:55:30.0,2021-03-12T12:55:30.0,5 minutes,32.72727272727273,0.5209999999999999,384.72727272727275,1.0,648.94,400ppm,4,5,0.006911184210526687,0.006271975180972866,1.648419796,10.0
2021-03-12T13:05:30.0,2021-03-12T13:05:30.0,5 minutes,32.89999999999999,0.5214545454545454,384.45454545454544,1.0,648.94,400ppm,4,5,0.007268211920528837,0.00679067589779243,1.631537943,10.0
2021-03-12T13:15:30.0,2021-03-12T13:15:30.0,5 minutes,32.89999999999999,0.522,384.8181818181818,1.0,648.94,400ppm,4,5,0.006388724035607693,0.00510725262473221,1.616368668,10.0
2021-03-12T13:25:30.0,2021-03-12T13:25:30.0,5 minutes,32.89999999999999,0.526,385.1818181818182,1.0,648.94,400ppm,4,5,0.007891089108911143,0.007042416401471329,1.600289083,10.0
2021-03-12T13:35:30.0,2021-03-12T13:35:30.0,5 minutes,32.418181818181814,0.5423636363636364,385.0,1.0,648.94,400ppm,4,5,0.00746534653465403,0.006507319465567397,1.598568933,10.0
2021-03-12T13:45:30.0,2021-03-12T13:45:30.0,5 minutes,32.5,0.5457272727272727,385.09090909090907,1.0,648.94,400ppm,4,5,0.0073663366336632705,0.006542323963152609,1.603111774,10.0
2021-03-12T13:55:30.0,2021-03-12T13:55:30.0,5 minutes,32.44545454545454,0.5500909090909091,384.45454545454544,1.0,648.94,400ppm,4,5,0.006891089108910026,0.006055196039231998,1.609134225,10.0
2021-03-12T14:05:30.0,2021-03-12T14:05:30.0,5 minutes,32.42727272727272,0.5511818181818183,385.1818181818182,1.0,648.94,400ppm,4,5,0.0071513157894736125,0.006341922354722122,1.61252026,10.0
2021-03-12T14:15:30.0,2021-03-12T14:15:30.0,5 minutes,32.300000000000004,0.5530909090909091,384.72727272727275,1.0,648.94,400ppm,4,5,0.005154981549815256,0.004042862195958578,1.617169995,10.0
2021-03-12T14:25:30.0,2021-03-12T14:25:30.0,5 minutes,32.172727272727265,0.5705454545454545,384.6363636363636,1.0,648.94,400ppm,4,5,0.006534426229509485,0.006081050803513804,1.613264494,10.0
2021-03-12T14:35:30.0,2021-03-12T14:35:30.0,5 minutes,32.154545454545456,0.568909090909091,385.09090909090907,1.0,648.94,400ppm,4,5,0.006267326732672895,0.005787037497389871,1.613034292,10.0
2021-03-12T14:45:30.0,2021-03-12T14:45:30.0,5 minutes,32.06363636363636,0.5748181818181818,384.6363636363636,1.0,648.94,400ppm,4,5,0.005921052631579546,0.005300466615094398,1.61180241,10.0
2021-03-12T14:55:30.0,2021-03-12T14:55:30.0,5 minutes,32.0,0.5760000000000002,385.0,1.0,648.94,400ppm,4,5,0.005901639344261401,0.005625176008134291,1.61100121,10.0
2021-03-12T15:05:30.0,2021-03-12T15:05:30.0,5 minutes,31.9,0.5838181818181818,385.0,0.9918181818181818,643.630490909091,400ppm,4,5,0.005928104575164397,0.005415218300476849,1.610123555,10.0
2021-03-12T15:15:30.0,2021-03-12T15:15:30.0,5 minutes,31.772727272727277,0.5908181818181818,385.27272727272725,0.9754545454545455,633.0114727272728,400ppm,4,5,0.004313432835820706,0.0036792970771549445,1.599037355,10.0
2021-03-12T15:25:30.0,2021-03-12T15:25:30.0,5 minutes,31.49090909090909,0.6064545454545455,384.72727272727275,0.9590909090909091,622.3924545454546,400ppm,4,5,0.006232258064516915,0.005691182066461414,1.591920428,10.0
2021-03-12T15:35:30.0,2021-03-12T15:35:30.0,5 minutes,31.1,0.628909090909091,385.8181818181818,0.9418181818181819,611.183490909091,400ppm,4,5,0.005214521452144974,0.005045348230912418,1.586106609,10.0
2021-03-12T15:45:30.0,2021-03-12T15:45:30.0,5 minutes,31.045454545454547,0.6324545454545455,385.1818181818182,0.9254545454545454,600.5644727272728,400ppm,4,5,0.004495049504950759,0.0040490550745271746,1.582004517,10.0
2021-03-12T15:55:30.0,2021-03-12T15:55:30.0,5 minutes,30.736363636363638,0.641090909090909,385.3636363636364,0.9090909090909091,589.9454545454546,400ppm,4,5,0.0050620915032679025,0.00447525535547151,1.575297244,10.0
2021-03-12T16:05:30.0,2021-03-12T16:05:30.0,5 minutes,30.627272727272725,0.6586363636363637,385.45454545454544,0.8918181818181818,578.736490909091,400ppm,4,5,0.004938271604939395,0.003979518586838212,1.56456293,10.0
2021-03-12T16:15:30.0,2021-03-12T16:15:30.0,5 minutes,30.300000000000008,0.675181818181818,385.6363636363636,0.8736363636363635,566.9375818181818,400ppm,4,5,0.00315576323987514,0.00330034319548895,1.554754878,10.0
2021-03-12T16:25:30.0,2021-03-12T16:25:30.0,5 minutes,30.300000000000008,0.679090909090909,385.6363636363636,0.8554545454545455,555.1386727272728,400ppm,4,5,0.00584090909090902,0.005409826162830073,1.544637825,10.0
2021-03-12T16:35:30.0,2021-03-12T16:35:30.0,5 minutes,29.809090909090912,0.6888181818181819,385.6363636363636,0.8372727272727274,543.3397636363637,400ppm,4,5,0.003911764705881247,0.0036624390908108592,1.538682946,10.0
2021-03-12T16:45:30.0,2021-03-12T16:45:30.0,5 minutes,29.699999999999992,0.7082727272727273,386.27272727272725,0.8190909090909091,531.5408545454546,400ppm,4,5,0.003940594059405809,0.004385557787651098,1.528476229,10.0
2021-03-12T16:55:30.0,2021-03-12T16:55:30.0,5 minutes,29.645454545454548,0.7092727272727273,386.09090909090907,0.7990909090909091,518.5620545454545,400ppm,4,5,0.0040734693877552955,0.0032769684725395517,1.520339387,10.0
2021-03-12T17:05:30.0,2021-03-12T17:05:30.0,5 minutes,29.21818181818181,0.7235454545454547,386.54545454545456,0.760909090909091,493.78434545454553,400ppm,4,5,0.003606557377048882,0.003784318821533188,1.499871881,10.0
2021-03-12T17:15:30.0,2021-03-12T17:15:30.0,5 minutes,28.94545454545454,0.7276363636363635,387.0,0.7145454545454545,463.69712727272724,400ppm,4,5,0.003357377049179958,0.003452631372105593,1.476235804,10.0
2021-03-12T17:25:30.0,2021-03-12T17:25:30.0,5 minutes,28.527272727272727,0.7420909090909091,388.0,0.6663636363636364,432.43001818181824,400ppm,4,5,0.0030625000000001315,0.003092323158024211,1.441366195,10.0
2021-03-12T17:35:30.0,2021-03-12T17:35:30.0,5 minutes,28.46363636363636,0.7385454545454547,388.90909090909093,0.620909090909091,402.9327454545455,400ppm,4,5,0.0031118421052628705,0.003050585296566465,1.399148003,10.0
2021-03-12T17:45:30.0,2021-03-12T17:45:30.0,5 minutes,27.972727272727273,0.758818181818182,389.54545454545456,0.5745454545454546,372.84552727272734,400ppm,4,5,0.0022772277227724575,0.002041682560599393,1.350267467,10.0
2021-03-12T17:55:30.0,2021-03-12T17:55:30.0,5 minutes,27.763636363636362,0.7536363636363634,390.3636363636364,0.5263636363636364,341.5784181818182,400ppm,4,5,0.002724279835390153,0.002145895394392145,1.301088697,10.0
2021-03-12T18:05:30.0,2021-03-12T18:05:30.0,5 minutes,27.36363636363637,0.7651818181818182,391.54545454545456,0.45363636363636367,294.38278181818185,400ppm,4,5,0.002259016393442134,0.0020689208850125456,1.237854857,10.0
2021-03-12T18:15:30.0,2021-03-12T18:15:30.0,5 minutes,27.118181818181814,0.7803636363636364,393.0,0.36727272727272725,238.33796363636364,400ppm,4,5,0.001966996699668478,0.0021214915260950383,1.148638559,10.0
2021-03-12T18:25:30.0,2021-03-12T18:25:30.0,5 minutes,26.654545454545453,0.7802727272727273,395.27272727272725,0.28363636363636363,184.06298181818184,400ppm,4,5,0.0015676567656762676,0.0013839404096825515,1.017956628,10.0
2021-03-12T18:35:30.0,2021-03-12T18:35:30.0,5 minutes,26.545454545454547,0.7824545454545455,397.1818181818182,0.19727272727272727,128.01816363636365,400ppm,4,5,0.0009934210526320218,0.0008957353887572781,0.849362443,10.0
2021-03-12T18:45:30.0,2021-03-12T18:45:30.0,5 minutes,26.15454545454545,0.7791818181818181,400.6363636363636,0.11363636363636363,73.74318181818182,400ppm,4,5,0.0009046052631581939,0.0008235961149735392,0.649446978,10.0
2021-03-12T18:55:30.0,2021-03-12T18:55:30.0,5 minutes,25.800000000000008,0.8064545454545455,405.1818181818182,0.02727272727272727,17.698363636363638,400ppm,4,5,0.0,0.0003317365091478141,0.417339592,10.0
2021-03-12T19:05:30.0,2021-03-12T19:05:30.0,5 minutes,25.618181818181814,0.7979999999999998,407.54545454545456,1.0e-9,1.0e-9,400ppm,4,5,8.305647840561777e-5,0.0003754756998239915,0.194606559,10.0
2021-03-12T19:15:30.0,2021-03-12T19:15:30.0,5 minutes,25.309090909090912,0.8054545454545454,410.54545454545456,1.0e-9,1.0e-9,400ppm,4,5,-0.0004741935483868855,-0.00011786027338841877,0.025313991,10.0
2021-03-12T19:25:30.0,2021-03-12T19:25:30.0,5 minutes,25.00909090909091,0.7965454545454544,412.27272727272725,1.0e-9,1.0e-9,400ppm,4,5,-8.250825082388185e-5,-6.777007712193901e-6,-0.082357949,10.0
2021-03-12T19:35:30.0,2021-03-12T19:35:30.0,5 minutes,24.74545454545454,0.8060909090909091,413.72727272727275,1.0e-9,1.0e-9,400ppm,4,5,0.0003300330033000299,-0.00014608465032506032,-0.158386765,10.0
2021-03-12T19:45:30.0,2021-03-12T19:45:30.0,5 minutes,24.599999999999998,0.806909090909091,414.0,1.0e-9,1.0e-9,400ppm,4,5,0.00016501650164926453,0.00018055127427436213,-0.21068969,10.0
2021-03-12T19:55:30.0,2021-03-12T19:55:30.0,5 minutes,24.25454545454545,0.7984545454545455,413.54545454545456,1.0e-9,1.0e-9,400ppm,4,5,-0.00022847682119192048,1.5411342469018586e-5,-0.241956956,10.0
2021-03-12T20:05:30.0,2021-03-12T20:05:30.0,5 minutes,24.09090909090909,0.802,414.0,1.0e-9,1.0e-9,400ppm,4,5,0.0003300330033000299,0.0002679566617045351,-0.260804498,10.0
2021-03-12T20:15:30.0,2021-03-12T20:15:30.0,5 minutes,23.83636363636364,0.7937272727272726,414.0,1.0e-9,1.0e-9,400ppm,4,5,9.74025974076764e-6,-3.151081750262504e-5,-0.276185274,10.0
2021-03-12T20:25:30.0,2021-03-12T20:25:30.0,5 minutes,23.400000000000002,0.8108181818181817,414.6363636363636,1.0e-9,1.0e-9,400ppm,4,5,0.00032894736842075344,0.0006618670753933717,-0.287851348,10.0
2021-03-12T20:35:30.0,2021-03-12T20:35:30.0,5 minutes,23.190909090909088,0.7947272727272728,414.3636363636364,1.0e-9,1.0e-9,400ppm,4,5,-0.0006534653465357101,-0.0006818083036174525,-0.295773444,10.0
2021-03-12T20:45:30.0,2021-03-12T20:45:30.0,5 minutes,22.900000000000002,0.8046363636363638,414.3636363636364,1.0e-9,1.0e-9,400ppm,4,5,-0.00027884615384611886,-0.0002908166337079755,-0.297966713,10.0
2021-03-12T20:55:30.0,2021-03-12T20:55:30.0,5 minutes,22.800000000000008,0.7955454545454544,414.6363636363636,1.0e-9,1.0e-9,400ppm,4,5,0.0005581395348841198,0.0002870845304179806,-0.295628025,10.0
2021-03-12T21:05:30.0,2021-03-12T21:05:30.0,5 minutes,22.554545454545455,0.7936363636363636,415.54545454545456,1.0e-9,1.0e-9,400ppm,4,5,0.0006258278145705483,0.00020320589901418471,-0.294043644,10.0
2021-03-12T21:15:30.0,2021-03-12T21:15:30.0,5 minutes,22.454545454545457,0.799,415.54545454545456,1.0e-9,1.0e-9,400ppm,4,5,0.0003745928338755105,0.0002833466769575556,-0.299157205,10.0
2021-03-12T21:25:30.0,2021-03-12T21:25:30.0,5 minutes,22.463636363636365,0.8106363636363636,415.0,1.0e-9,1.0e-9,400ppm,4,5,0.001267477203647162,0.001448502927502158,-0.298453346,10.0
2021-03-12T21:35:30.0,2021-03-12T21:35:30.0,5 minutes,22.554545454545455,0.7962727272727271,414.72727272727275,1.0e-9,1.0e-9,400ppm,4,5,-8.169934640552597e-5,-0.00018087085610763874,-0.291856577,10.0
2021-03-12T21:45:30.0,2021-03-12T21:45:30.0,5 minutes,22.64545454545454,0.7990909090909091,415.09090909090907,1.0e-9,1.0e-9,400ppm,4,5,-0.0003366336633658804,-0.00012012840646114455,-0.292701895,10.0
2021-03-12T21:55:30.0,2021-03-12T21:55:30.0,5 minutes,22.5,0.8037272727272728,415.1818181818182,1.0e-9,1.0e-9,400ppm,4,5,-0.0002937293729371016,-0.00020634928455970055,-0.294475324,10.0
2021-03-12T22:05:30.0,2021-03-12T22:05:30.0,5 minutes,22.599999999999998,0.7951818181818182,415.54545454545456,1.0e-9,1.0e-9,400ppm,4,5,0.0,-0.0003445476625688138,-0.288127157,10.0
2021-03-12T22:15:30.0,2021-03-12T22:15:30.0,5 minutes,22.59090909090909,0.8023636363636364,415.09090909090907,1.0e-9,1.0e-9,400ppm,4,5,0.0008223684210526315,0.0007365888084067177,-0.287074259,10.0
2021-03-12T22:25:30.0,2021-03-12T22:25:30.0,5 minutes,22.590909090909086,0.8056363636363636,416.6363636363636,1.0e-9,1.0e-9,400ppm,4,5,-0.0001781818181817388,-0.00022510991950043557,-0.319065034,10.0
2021-03-12T22:35:30.0,2021-03-12T22:35:30.0,5 minutes,22.64545454545454,0.7949090909090909,415.72727272727275,1.0e-9,1.0e-9,400ppm,4,5,-0.0001578947368428592,-5.8602767136716854e-5,-0.308402968,10.0
2021-03-12T22:45:30.0,2021-03-12T22:45:30.0,5 minutes,22.599999999999998,0.797,416.72727272727275,1.0e-9,1.0e-9,400ppm,4,5,0.00016501650165076534,0.00016979770224834011,-0.305154646,10.0
2021-03-12T22:55:30.0,2021-03-12T22:55:30.0,5 minutes,22.599999999999998,0.7949090909090909,416.1818181818182,1.0e-9,1.0e-9,400ppm,4,5,-6.535947712263746e-6,3.565130123890146e-5,-0.304612477,10.0
2021-03-12T23:05:30.0,2021-03-12T23:05:30.0,5 minutes,22.62727272727272,0.7979999999999999,417.27272727272725,1.0e-9,1.0e-9,400ppm,4,5,1.644736842141164e-5,0.00017083271705401132,-0.300818548,10.0
2021-03-12T23:15:30.0,2021-03-12T23:15:30.0,5 minutes,22.64545454545454,0.8016363636363636,417.1818181818182,1.0e-9,1.0e-9,400ppm,4,5,0.00048684210526361263,0.0002800035476548271,-0.295957876,10.0
2021-03-12T23:25:30.0,2021-03-12T23:25:30.0,5 minutes,22.5,0.8081818181818181,417.54545454545456,1.0e-9,1.0e-9,400ppm,4,5,0.0003545454545460278,8.711151999594554e-5,-0.289690039,10.0
2021-03-12T23:35:30.0,2021-03-12T23:35:30.0,5 minutes,22.5,0.8026363636363637,417.27272727272725,1.0e-9,1.0e-9,400ppm,4,5,0.00032894736842075344,0.00018991378929582333,-0.287901552,10.0
2021-03-12T23:45:30.0,2021-03-12T23:45:30.0,5 minutes,22.5,0.8029090909090908,417.54545454545456,1.0e-9,1.0e-9,400ppm,4,5,-0.0001250000000000359,2.7151833129669228e-5,-0.286649729,10.0
2021-03-12T23:55:30.0,2021-03-12T23:55:30.0,5 minutes,22.5,0.8025454545454547,418.72727272727275,1.0e-9,1.0e-9,400ppm,4,5,0.0,0.00023137932913620934,-0.282329487,10.0
2021-03-13T00:05:30.0,2021-03-13T00:05:30.0,5 minutes,22.74545454545455,0.8024545454545455,418.6363636363636,1.0e-9,1.0e-9,Cloudy,4,5,0.00033881578947240375,0.00044697381288606806,-0.274313976,10.0
2021-03-13T00:15:30.0,2021-03-13T00:15:30.0,5 minutes,22.790909090909096,0.7920909090909088,418.27272727272725,1.0e-9,1.0e-9,Cloudy,4,5,-0.0008613861386137533,-0.0008686881627179428,-0.274498894,10.0
2021-03-13T00:25:30.0,2021-03-13T00:25:30.0,5 minutes,22.71818181818182,0.7898181818181819,418.45454545454544,1.0e-9,1.0e-9,Cloudy,4,5,0.0005327102803746931,0.00047745649696278995,-0.27241562,10.0
2021-03-13T00:35:30.0,2021-03-13T00:35:30.0,5 minutes,22.59090909090909,0.8016363636363636,417.09090909090907,1.0e-9,1.0e-9,Cloudy,4,5,0.0011311475409829506,0.0010281778210068035,-0.275922437,10.0
2021-03-13T00:45:30.0,2021-03-13T00:45:30.0,5 minutes,22.563636363636363,0.7982727272727271,418.3636363636364,1.0e-9,1.0e-9,Cloudy,4,5,-0.00030132450331090896,-0.00029568162574088863,-0.273086381,10.0
2021-03-13T00:55:30.0,2021-03-13T00:55:30.0,5 minutes,22.599999999999998,0.8034545454545455,418.1818181818182,1.0e-9,1.0e-9,Cloudy,4,5,-0.0005526315789477634,-0.0007265932181685807,-0.276911946,10.0
2021-03-13T01:05:30.0,2021-03-13T01:05:30.0,5 minutes,22.66363636363636,0.7918181818181818,418.8181818181818,1.0e-9,1.0e-9,Cloudy,4,5,0.0004933774834433352,0.0004464185570997954,-0.275068095,10.0
2021-03-13T01:15:30.0,2021-03-13T01:15:30.0,5 minutes,22.66363636363636,0.7943636363636363,420.0,1.0e-9,1.0e-9,Cloudy,4,5,0.00016286644951051188,0.0004656618693500853,-0.273697359,10.0
2021-03-13T01:25:30.0,2021-03-13T01:25:30.0,5 minutes,22.62727272727272,0.7953636363636363,419.6363636363636,1.0e-9,1.0e-9,Cloudy,4,5,0.0004115226337444817,-0.0001471117745519232,-0.265945768,10.0
2021-03-13T01:35:30.0,2021-03-13T01:35:30.0,5 minutes,22.627272727272725,0.7959090909090909,420.0,1.0e-9,1.0e-9,Cloudy,4,5,0.00031699346405147916,0.0004012271614325084,-0.267045511,10.0
2021-03-13T01:45:30.0,2021-03-13T01:45:30.0,5 minutes,22.563636363636363,0.7963636363636364,419.1818181818182,1.0e-9,1.0e-9,Cloudy,4,5,-4.193548387217649e-5,0.0003858304156161029,-0.261148384,10.0
2021-03-13T01:55:30.0,2021-03-13T01:55:30.0,5 minutes,22.599999999999998,0.8061818181818182,420.09090909090907,1.0e-9,1.0e-9,Cloudy,4,5,0.0,-0.00010333707653023287,-0.259902725,10.0
2021-03-13T02:05:30.0,2021-03-13T02:05:30.0,5 minutes,22.599999999999998,0.7975454545454546,419.3636363636364,1.0e-9,1.0e-9,Cloudy,4,5,-0.00015533980582451277,-0.0003606552744120446,-0.258594503,10.0
2021-03-13T02:15:30.0,2021-03-13T02:15:30.0,5 minutes,22.599999999999998,0.7930909090909091,419.27272727272725,1.0e-9,1.0e-9,Cloudy,4,5,0.0008026315789478351,0.0010017351723872036,-0.257758023,10.0
2021-03-13T02:25:30.0,2021-03-13T02:25:30.0,5 minutes,22.66363636363636,0.8020909090909091,419.0,1.0e-9,1.0e-9,Cloudy,4,5,0.00016501650165076534,0.0003751230522945892,-0.256903915,10.0
2021-03-13T02:35:30.0,2021-03-13T02:35:30.0,5 minutes,22.699999999999992,0.7918181818181819,418.3636363636364,1.0e-9,1.0e-9,Cloudy,4,5,9.900990099526181e-6,-7.760560727205976e-5,-0.255595818,10.0
2021-03-13T02:45:30.0,2021-03-13T02:45:30.0,5 minutes,22.699999999999992,0.7911818181818181,418.90909090909093,1.0e-9,1.0e-9,Cloudy,4,5,0.0,0.00024817233267920337,-0.2536826,10.0
2021-03-13T02:55:30.0,2021-03-13T02:55:30.0,5 minutes,22.699999999999992,0.7948181818181819,418.3636363636364,1.0e-9,1.0e-9,Cloudy,4,5,-7.236842105241617e-5,-0.00041231771702131856,-0.257783801,10.0
2021-03-13T03:05:30.0,2021-03-13T03:05:30.0,5 minutes,22.318181818181824,0.809090909090909,419.1818181818182,1.0e-9,1.0e-9,Cloudy,4,5,6.578947369761361e-6,2.0310639094553327e-5,-0.261972383,10.0
2021-03-13T03:15:30.0,2021-03-13T03:15:30.0,5 minutes,22.400000000000002,0.8081818181818184,417.90909090909093,1.0e-9,1.0e-9,Cloudy,4,5,0.00033442622950923445,0.00041617410779618686,-0.260633142,10.0
2021-03-13T03:25:30.0,2021-03-13T03:25:30.0,5 minutes,22.527272727272727,0.8012727272727272,418.54545454545456,1.0e-9,1.0e-9,Cloudy,4,5,-0.0011589403973506923,-0.0012152904831882279,-0.281216905,10.0
2021-03-13T03:35:30.0,2021-03-13T03:35:30.0,5 minutes,22.67272727272727,0.8019090909090909,419.27272727272725,1.0e-9,1.0e-9,Cloudy,4,5,0.0004934210526318781,0.0005797252566188689,-0.274491631,10.0
2021-03-13T03:45:30.0,2021-03-13T03:45:30.0,5 minutes,22.64545454545454,0.7987272727272727,418.90909090909093,1.0e-9,1.0e-9,Cloudy,4,5,0.00015737704918107932,0.00015031672742814143,-0.271956536,10.0
2021-03-13T03:55:30.0,2021-03-13T03:55:30.0,5 minutes,22.654545454545453,0.789090909090909,418.8181818181818,1.0e-9,1.0e-9,Cloudy,4,5,-0.00014473684210483234,-0.00025344744431395495,-0.265667071,10.0
2021-03-13T04:05:30.0,2021-03-13T04:05:30.0,5 minutes,22.62727272727272,0.7959090909090909,419.3636363636364,1.0e-9,1.0e-9,Cloudy,4,5,0.00016611295680972476,6.950356743462598e-5,-0.258869241,10.0
2021-03-13T04:15:30.0,2021-03-13T04:15:30.0,5 minutes,22.599999999999998,0.7956363636363636,419.1818181818182,1.0e-9,1.0e-9,Cloudy,4,5,-0.0003374485596721592,-7.397655545686759e-5,-0.263906825,10.0
2021-03-13T04:25:30.0,2021-03-13T04:25:30.0,5 minutes,22.599999999999998,0.8005454545454547,419.0,1.0e-9,1.0e-9,Cloudy,4,5,1.3245033113775364e-5,0.0006328556281777244,-0.258925018,10.0
2021-03-13T04:35:30.0,2021-03-13T04:35:30.0,5 minutes,22.599999999999998,0.7932727272727271,419.3636363636364,1.0e-9,1.0e-9,Cloudy,4,5,-0.00011960132890384786,0.00015240079325331188,-0.259299034,10.0
2021-03-13T04:45:30.0,2021-03-13T04:45:30.0,5 minutes,22.5,0.8048181818181819,419.0,1.0e-9,1.0e-9,Cloudy,4,5,-8.116883116765001e-5,-0.00021880476732480077,-0.260778436,10.0
2021-03-13T04:55:30.0,2021-03-13T04:55:30.0,5 minutes,22.454545454545457,0.8051818181818181,418.54545454545456,1.0e-9,1.0e-9,Cloudy,4,5,-0.0007530864197530565,-0.0007658931560144209,-0.263256829,10.0
2021-03-13T05:05:30.0,2021-03-13T05:05:30.0,5 minutes,22.618181818181814,0.8053636363636363,418.72727272727275,1.0e-9,1.0e-9,Cloudy,4,5,1.993355481680438e-5,0.0002962030007404898,-0.26504597,10.0
2021-03-13T05:15:30.0,2021-03-13T05:15:30.0,5 minutes,22.863636363636367,0.8117272727272727,418.72727272727275,1.0e-9,1.0e-9,Cloudy,4,5,0.0001907894736841866,-3.974593964094383e-5,-0.265927521,10.0
2021-03-13T05:25:30.0,2021-03-13T05:25:30.0,5 minutes,23.345454545454547,0.8026363636363637,419.0,1.0e-9,1.0e-9,Cloudy,4,5,-0.0002588996763751691,-0.00012765076092385402,-0.262867027,10.0
2021-03-13T05:35:30.0,2021-03-13T05:35:30.0,5 minutes,23.58181818181818,0.7979090909090908,418.8181818181818,1.0e-9,1.0e-9,Cloudy,4,5,-0.0005756578947374404,-0.0005015750426882489,-0.267196328,10.0
2021-03-13T05:45:30.0,2021-03-13T05:45:30.0,5 minutes,23.781818181818185,0.7964545454545453,419.45454545454544,1.0e-9,1.0e-9,Cloudy,4,5,0.0010033112582777603,0.0010555103426582704,-0.265956227,10.0
2021-03-13T05:55:30.0,2021-03-13T05:55:30.0,5 minutes,24.0,0.7984545454545454,419.90909090909093,1.0e-9,1.0e-9,Cloudy,4,5,0.0006357615894039976,0.0005080559397270854,-0.268317177,10.0
2021-03-13T06:05:30.0,2021-03-13T06:05:30.0,5 minutes,24.263636363636365,0.8071818181818183,419.45454545454544,1.0e-9,1.0e-9,Cloudy,4,5,0.0006534653465357101,0.00070229885057547,-0.267097961,10.0
2021-03-13T06:15:30.0,2021-03-13T06:15:30.0,5 minutes,24.599999999999998,0.8085454545454546,418.90909090909093,0.01,6.489400000000001,Cloudy,4,5,9.150326797466464e-5,-0.0004427588461839938,-0.262917706,10.0
2021-03-13T06:25:30.0,2021-03-13T06:25:30.0,5 minutes,24.90909090909091,0.7992727272727272,418.1818181818182,0.02,12.978800000000001,Cloudy,4,5,0.0006622516556300425,0.000520526056419542,-0.210464666,10.0
2021-03-13T06:35:30.0,2021-03-13T06:35:30.0,5 minutes,25.118181818181814,0.8,416.72727272727275,0.028181818181818183,18.28830909090909,Cloudy,4,5,0.001762048192771194,0.0013106567107615597,-0.148243638,10.0
2021-03-13T06:45:30.0,2021-03-13T06:45:30.0,5 minutes,25.33636363636364,0.8027272727272726,416.6363636363636,0.034545454545454546,22.417927272727276,Cloudy,4,5,0.0008230452674908347,0.0005176426902394482,-0.098855827,10.0
2021-03-13T06:55:30.0,2021-03-13T06:55:30.0,5 minutes,25.55454545454545,0.8052727272727274,416.3636363636364,0.04090909090909091,26.547545454545457,Cloudy,4,5,0.0015511551155108908,0.0013259646899226884,-0.066877657,10.0
2021-03-13T07:05:30.0,2021-03-13T07:05:30.0,5 minutes,25.836363636363636,0.7998181818181819,415.1818181818182,0.05,32.447,Cloudy,4,5,0.0009933993399337652,0.00043989495870888775,-0.04011202,10.0
2021-03-13T07:15:30.0,2021-03-13T07:15:30.0,5 minutes,26.127272727272725,0.8004545454545454,415.3636363636364,0.06,38.9364,Cloudy,4,5,0.0013003300330040688,0.0012721245086757555,-0.032077552,10.0
2021-03-13T07:25:30.0,2021-03-13T07:25:30.0,5 minutes,26.572727272727274,0.7855454545454547,415.3636363636364,0.07,45.42580000000001,Cloudy,4,5,0.001900990099009973,0.0015376240461782717,-0.015394485,10.0
2021-03-13T07:35:30.0,2021-03-13T07:35:30.0,5 minutes,26.88181818181818,0.7697272727272728,415.1818181818182,0.07818181818181819,50.7353090909091,Cloudy,4,5,0.002548148148148525,0.002023272396798591,0.004628166,10.0
2021-03-13T07:45:30.0,2021-03-13T07:45:30.0,5 minutes,27.03636363636364,0.7690909090909089,414.8181818181818,0.08454545454545455,54.86492727272728,Cloudy,4,5,0.0023079470198679353,0.0024627035911745252,0.021032876,10.0
2021-03-13T07:55:30.0,2021-03-13T07:55:30.0,5 minutes,27.41818181818182,0.7738181818181817,414.45454545454544,0.09090909090909091,58.99454545454546,Cloudy,4,5,0.0023531353135319896,0.0021792415110548705,0.040904641,10.0
2021-03-13T08:05:30.0,2021-03-13T08:05:30.0,5 minutes,27.781818181818185,0.7587272727272726,413.8181818181818,0.10090909090909092,65.48394545454546,Cloudy,4,5,0.0019215686274501244,0.0016962549785288772,0.066579506,10.0
2021-03-13T08:15:30.0,2021-03-13T08:15:30.0,5 minutes,28.15454545454545,0.7463636363636365,412.45454545454544,0.11090909090909092,71.97334545454547,Cloudy,4,5,0.0025409836065576753,0.0024019695351252686,0.103384145,10.0
2021-03-13T08:25:30.0,2021-03-13T08:25:30.0,5 minutes,28.40909090909091,0.7388181818181819,411.6363636363636,0.12090909090909091,78.46274545454546,Cloudy,4,5,0.0030754098360659078,0.0023415797317440034,0.13666931,10.0
2021-03-13T08:35:30.0,2021-03-13T08:35:30.0,5 minutes,28.527272727272734,0.7358181818181818,411.54545454545456,0.13090909090909092,84.95214545454547,Cloudy,4,5,0.0010000000000000562,0.0008792670013180728,0.168303655,10.0
2021-03-13T08:45:30.0,2021-03-13T08:45:30.0,5 minutes,29.099999999999998,0.7338181818181819,411.09090909090907,0.14090909090909093,91.44154545454548,Cloudy,4,5,0.0029867549668875617,0.0023367423866687514,0.202451106,10.0
2021-03-13T08:55:30.0,2021-03-13T08:55:30.0,5 minutes,29.300000000000008,0.7106363636363637,410.27272727272725,0.1509090909090909,97.93094545454547,Cloudy,4,5,0.0029867549668875617,0.002389020839337286,0.243749545,10.0
2021-03-13T09:05:30.0,2021-03-13T09:05:30.0,5 minutes,29.336363636363636,0.7242727272727274,409.27272727272725,0.16454545454545452,106.78012727272727,Cloudy,4,5,0.002852941176470743,0.002498106445832736,0.276440759,10.0
2021-03-13T09:15:30.0,2021-03-13T09:15:30.0,5 minutes,29.827272727272724,0.7075454545454545,408.1818181818182,0.18,116.8092,Cloudy,4,5,0.0035214521452145453,0.0026913029957506044,0.325280733,10.0
2021-03-13T09:25:30.0,2021-03-13T09:25:30.0,5 minutes,30.181818181818176,0.6766363636363638,407.0,0.1909090909090909,123.88854545454545,Cloudy,4,5,0.002904564315351942,0.0024099061024227273,0.366380154,10.0
2021-03-13T09:35:30.0,2021-03-13T09:35:30.0,5 minutes,30.28181818181819,0.6740909090909091,405.3636363636364,0.20454545454545453,132.73772727272728,Cloudy,4,5,0.002672955974843911,0.0030740805745438837,0.408814083,10.0
2021-03-13T09:45:30.0,2021-03-13T09:45:30.0,5 minutes,30.300000000000008,0.6636363636363636,405.3636363636364,0.22,142.76680000000002,Cloudy,4,5,0.00428382838283904,0.0037742796921824066,0.452299823,10.0
2021-03-13T09:55:30.0,2021-03-13T09:55:30.0,5 minutes,30.390909090909098,0.6674545454545455,404.90909090909093,0.2309090909090909,149.84614545454545,Cloudy,4,5,0.0033974358974357224,0.0031776753466644177,0.497873863,10.0
2021-03-13T10:05:30.0,2021-03-13T10:05:30.0,5 minutes,30.9,0.6412727272727271,404.0,0.24454545454545454,158.69532727272727,Cloudy,4,5,0.004350993377484455,0.004290505565841136,0.541967441,10.0
2021-03-13T10:15:30.0,2021-03-13T10:15:30.0,5 minutes,30.990909090909096,0.634,403.45454545454544,0.26,168.72440000000003,Cloudy,4,5,0.0034631147540975407,0.0029718362849686644,0.589329363,10.0
2021-03-13T10:25:30.0,2021-03-13T10:25:30.0,5 minutes,31.24545454545455,0.6186363636363637,401.90909090909093,0.2709090909090909,175.80374545454544,Cloudy,4,5,0.003996721311475577,0.0033193436943278745,0.63014166,10.0
2021-03-13T10:35:30.0,2021-03-13T10:35:30.0,5 minutes,31.4,0.605181818181818,401.09090909090907,0.28454545454545455,184.65292727272728,Cloudy,4,5,0.004930921052632405,0.004675781615478872,0.675324339,10.0
2021-03-13T10:45:30.0,2021-03-13T10:45:30.0,5 minutes,31.572727272727274,0.5973636363636364,400.45454545454544,0.3,194.68200000000002,Cloudy,4,5,0.00539144736842146,0.004508132812232062,0.713956291,10.0
2021-03-13T10:55:30.0,2021-03-13T10:55:30.0,5 minutes,31.772727272727273,0.5860909090909092,399.6363636363636,0.3109090909090909,201.76134545454548,Cloudy,4,5,0.005819672131147839,0.0054482447671370575,0.749136298,10.0
2021-03-13T11:05:30.0,2021-03-13T11:05:30.0,5 minutes,32.036363636363646,0.572,397.90909090909093,0.32,207.66080000000002,Cloudy,4,5,0.004841059602648971,0.004630371694102432,0.782561713,10.0
2021-03-13T11:15:30.0,2021-03-13T11:15:30.0,5 minutes,32.10000000000001,0.5676363636363635,398.09090909090907,0.33,214.15020000000004,Cloudy,4,5,0.005417218543046249,0.00489321454480411,0.807796729,10.0
2021-03-13T11:25:30.0,2021-03-13T11:25:30.0,5 minutes,32.10000000000001,0.567,397.90909090909093,0.33090909090909093,214.74014545454548,Cloudy,4,5,0.005320132013201584,0.004559116098505124,0.824479672,10.0
2021-03-13T11:35:30.0,2021-03-13T11:35:30.0,5 minutes,32.10000000000001,0.562818181818182,397.90909090909093,0.34,220.63960000000003,Cloudy,4,5,0.005996677740864755,0.005724614891529439,0.846144899,10.0
2021-03-13T11:45:30.0,2021-03-13T11:45:30.0,5 minutes,32.13636363636363,0.5595454545454545,397.27272727272725,0.35,227.129,Cloudy,4,5,0.00584090909090902,0.005399638405540498,0.86473172,10.0
2021-03-13T11:55:30.0,2021-03-13T11:55:30.0,5 minutes,32.31818181818181,0.5533636363636365,396.6363636363636,0.35090909090909095,227.7189454545455,Cloudy,4,5,0.006732673267326613,0.005490071363618729,0.88651927,10.0
2021-03-13T12:05:30.0,2021-03-13T12:05:30.0,5 minutes,32.60000000000001,0.5415454545454544,396.0,0.36,233.6184,Cloudy,4,5,0.006552980132451223,0.005378847864991749,0.898341557,10.0
2021-03-13T12:15:30.0,2021-03-13T12:15:30.0,4 minutes,32.60000000000001,0.5348181818181817,396.3636363636364,0.37,240.10780000000003,Cloudy,4,5,0.005601659751036967,0.005079942126661928,0.912159435,10.0
2021-03-13T12:24:30.0,2021-03-13T12:24:30.0,5 minutes,32.60000000000001,0.5327272727272727,396.27272727272725,0.37,240.10780000000003,Cloudy,4,5,0.006601941747572697,0.005963887865302635,0.92402969,10.0
2021-03-13T12:34:30.0,2021-03-13T12:34:30.0,5 minutes,32.60000000000001,0.5326363636363637,395.54545454545456,0.38,246.59720000000002,Cloudy,4,5,0.005619205298013631,0.0051551972918868665,0.941574728,10.0
2021-03-13T12:44:30.0,2021-03-13T12:44:30.0,5 minutes,32.672727272727265,0.5287272727272727,395.54545454545456,0.3881818181818182,251.90670909090912,Cloudy,4,5,0.005691056910569476,0.0046853504753026215,0.956110606,10.0
2021-03-13T12:54:30.0,2021-03-13T12:54:30.0,5 minutes,32.699999999999996,0.522090909090909,395.1818181818182,0.39,253.08660000000003,Cloudy,4,5,0.006541254125412445,0.006014818125388358,0.969843806,10.0
2021-03-13T13:04:30.0,2021-03-13T13:04:30.0,5 minutes,32.699999999999996,0.5283636363636363,394.72727272727275,0.4,259.576,Cloudy,4,5,0.007115511551154948,0.005991305554729469,0.985019414,10.0
2021-03-13T13:14:30.0,2021-03-13T13:14:30.0,5 minutes,32.78181818181819,0.5279090909090908,394.8181818181818,0.3918181818181818,254.26649090909092,Cloudy,4,5,0.00604620462046165,0.005415871080311908,0.992708815,10.0
2021-03-13T13:24:30.0,2021-03-13T13:24:30.0,5 minutes,32.800000000000004,0.5269090909090908,395.0,0.39,253.08660000000003,Cloudy,4,5,0.006250825082509019,0.00556863366023184,0.99177216,10.0
2021-03-13T13:34:30.0,2021-03-13T13:34:30.0,5 minutes,32.800000000000004,0.5289999999999998,395.09090909090907,0.38,246.59720000000002,Cloudy,4,5,0.0061192052980131,0.005534942357716644,0.978305337,10.0
2021-03-13T13:44:30.0,2021-03-13T13:44:30.0,5 minutes,32.68181818181819,0.5389999999999998,394.90909090909093,0.3718181818181818,241.28769090909094,Cloudy,4,5,0.004863221884498204,0.004289143411253607,0.968906322,10.0
2021-03-13T13:54:30.0,2021-03-13T13:54:30.0,5 minutes,32.327272727272735,0.5551818181818181,395.09090909090907,0.37,240.10780000000003,Cloudy,4,5,0.005702970297029919,0.004758943071371617,0.952396609,10.0
2021-03-13T14:04:30.0,2021-03-13T14:04:30.0,5 minutes,32.300000000000004,0.5589090909090908,395.3636363636364,0.36,233.6184,Cloudy,4,5,0.005046511627906239,0.004531238384182512,0.943196635,10.0
2021-03-13T14:14:30.0,2021-03-13T14:14:30.0,5 minutes,32.300000000000004,0.5543636363636363,395.45454545454544,0.3518181818181818,228.30889090909093,Cloudy,4,5,0.005183606557377479,0.004656333830104546,0.936946038,10.0
2021-03-13T14:24:30.0,2021-03-13T14:24:30.0,5 minutes,32.300000000000004,0.5579090909090908,395.0,0.35,227.129,Cloudy,4,5,0.005706270627063595,0.00504847190922432,0.917041545,10.0
2021-03-13T14:34:30.0,2021-03-13T14:34:30.0,5 minutes,32.300000000000004,0.5670909090909092,395.90909090909093,0.34,220.63960000000003,Cloudy,4,5,0.005674342105264354,0.00538161646304645,0.902286967,10.0
2021-03-13T14:44:30.0,2021-03-13T14:44:30.0,5 minutes,32.09090909090909,0.569,395.8181818181818,0.3318181818181818,215.3300909090909,Cloudy,4,5,0.004358490566037633,0.003163027560746407,0.884520463,10.0
2021-03-13T14:54:30.0,2021-03-13T14:54:30.0,5 minutes,31.9,0.5827272727272728,395.8181818181818,0.33,214.15020000000004,Cloudy,4,5,0.005085245901639118,0.004439431237112327,0.867414191,10.0
2021-03-13T15:04:30.0,2021-03-13T15:04:30.0,5 minutes,31.86363636363637,0.5837272727272728,396.3636363636364,0.31727272727272726,205.89096363636364,Cloudy,4,5,0.004867986798679568,0.004355793663397648,0.848662521,10.0
2021-03-13T15:14:30.0,2021-03-13T15:14:30.0,5 minutes,31.718181818181822,0.5909090909090909,397.0,0.3018181818181818,195.86189090909093,Cloudy,4,5,0.004864238410596195,0.004081307773868229,0.829711393,10.0
2021-03-13T15:24:30.0,2021-03-13T15:24:30.0,5 minutes,31.4,0.6118181818181819,397.0,0.29,188.1926,Cloudy,4,5,0.0042748344370851414,0.004158799328210923,0.789739115,10.0
2021-03-13T15:34:30.0,2021-03-13T15:34:30.0,5 minutes,31.25454545454545,0.6195454545454545,398.27272727272725,0.2772727272727273,179.93336363636365,Cloudy,4,5,0.003908196721311499,0.004009448101563328,0.756042386,10.0
2021-03-13T15:44:30.0,2021-03-13T15:44:30.0,5 minutes,31.045454545454547,0.6329090909090909,398.8181818181818,0.26181818181818184,169.90429090909095,Cloudy,4,5,0.0027148148148154615,0.0019544149947730944,0.718322723,10.0
2021-03-13T15:54:30.0,2021-03-13T15:54:30.0,5 minutes,30.736363636363635,0.6448181818181818,399.27272727272725,0.25,162.235,Cloudy,4,5,0.0037960526315789353,0.0035441165601548972,0.679404406,10.0
2021-03-13T16:04:30.0,2021-03-13T16:04:30.0,5 minutes,30.5,0.6612727272727272,400.1818181818182,0.23727272727272727,153.97576363636364,Cloudy,4,5,0.003590759075908227,0.0035253952319968017,0.641438618,10.0
2021-03-13T16:14:30.0,2021-03-13T16:14:30.0,5 minutes,30.4,0.6719999999999999,400.8181818181818,0.22181818181818183,143.94669090909093,Cloudy,4,5,0.0021953642384106324,0.0023868310288638985,0.594759964,10.0
2021-03-13T16:24:30.0,2021-03-13T16:24:30.0,5 minutes,30.263636363636362,0.6757272727272726,400.6363636363636,0.21,136.2774,Cloudy,4,5,0.002917218543045888,0.002449683717686182,0.556787138,10.0
2021-03-13T16:34:30.0,2021-03-13T16:34:30.0,5 minutes,29.927272727272726,0.6890000000000002,401.6363636363636,0.19727272727272727,128.01816363636365,Cloudy,4,5,0.002889250814331323,0.002943009414331156,0.510621067,10.0
2021-03-13T16:44:30.0,2021-03-13T16:44:30.0,5 minutes,29.827272727272728,0.701,401.90909090909093,0.18181818181818182,117.98909090909092,Cloudy,4,5,0.002395209580838868,0.002472721838945696,0.464454105,10.0
2021-03-13T16:54:30.0,2021-03-13T16:54:30.0,5 minutes,29.427272727272726,0.7119090909090908,402.8181818181818,0.17,110.31980000000001,Cloudy,4,5,0.002648026315790431,0.002312488381423106,0.422020898,10.0
2021-03-13T17:04:30.0,2021-03-13T17:04:30.0,5 minutes,29.33636363636364,0.7211818181818181,404.1818181818182,0.16,103.83040000000001,Cloudy,4,5,0.001689768976898254,0.0014862651601537452,0.368776345,10.0
2021-03-13T17:14:30.0,2021-03-13T17:14:30.0,5 minutes,28.86363636363637,0.7324545454545454,404.90909090909093,0.15,97.34100000000001,Cloudy,4,5,0.001322368421052775,0.0017070950363258608,0.320131738,10.0
2021-03-13T17:24:30.0,2021-03-13T17:24:30.0,5 minutes,28.6,0.7484545454545456,405.54545454545456,0.14,90.85160000000002,Cloudy,4,5,0.0018151815181509147,0.0016263986083096247,0.275979138,10.0
2021-03-13T17:34:30.0,2021-03-13T17:34:30.0,5 minutes,28.309090909090912,0.7463636363636366,405.72727272727275,0.13,84.36220000000002,Cloudy,4,5,0.0015230263157901078,0.0012793586424798115,0.240663421,10.0
2021-03-13T17:44:30.0,2021-03-13T17:44:30.0,5 minutes,28.172727272727272,0.7414545454545456,407.1818181818182,0.12,77.8728,Cloudy,4,5,0.0005768025078361809,0.0008309608036010222,0.203991792,10.0
2021-03-13T17:54:30.0,2021-03-13T17:54:30.0,5 minutes,27.800000000000008,0.759090909090909,407.72727272727275,0.11,71.38340000000001,Cloudy,4,5,0.00020408163265380367,-7.03167364416742e-6,0.167441365,10.0
2021-03-13T18:04:30.0,2021-03-13T18:04:30.0,5 minutes,27.427272727272733,0.7594545454545454,408.54545454545456,0.09363636363636363,60.76438181818182,Cloudy,4,5,0.0015132450331121852,0.001372660258006384,0.119129746,10.0
2021-03-13T18:14:30.0,2021-03-13T18:14:30.0,5 minutes,27.063636363636363,0.7753636363636366,409.3636363636364,0.07727272727272727,50.14536363636364,Cloudy,4,5,0.0009900990099015903,0.0010501591172717632,0.068248724,10.0
2021-03-13T18:24:30.0,2021-03-13T18:24:30.0,5 minutes,26.981818181818177,0.7739090909090909,410.09090909090907,0.06,38.9364,Cloudy,4,5,0.0012039473684210048,0.0011686041382823974,0.025224959,10.0
2021-03-13T18:34:30.0,2021-03-13T18:34:30.0,5 minutes,26.427272727272726,0.7879090909090907,410.45454545454544,0.04363636363636363,28.31738181818182,Cloudy,4,5,0.0005980392156862507,0.0007230717730280885,-0.003939582,10.0
2021-03-13T18:44:30.0,2021-03-13T18:44:30.0,5 minutes,26.163636363636364,0.7844545454545454,411.0,0.02727272727272727,17.698363636363638,Cloudy,4,5,0.000323624595470433,0.0002860587981783568,-0.021939179,10.0
2021-03-13T18:54:30.0,2021-03-13T18:54:30.0,5 minutes,25.909090909090914,0.7985454545454544,410.90909090909093,0.01,6.489400000000001,Cloudy,4,5,0.0010297029702966934,0.0007365977497452386,-0.042288831,10.0
2021-03-13T19:04:30.0,2021-03-13T19:04:30.0,5 minutes,25.563636363636363,0.7979999999999998,411.72727272727275,1.0e-9,1.0e-9,Cloudy,4,5,0.00026644736842148343,0.00038922232722931563,-0.100258192,10.0
2021-03-13T19:14:30.0,2021-03-13T19:14:30.0,5 minutes,25.327272727272728,0.8134545454545454,412.3636363636364,1.0e-9,1.0e-9,Cloudy,4,5,0.0006655737704917198,0.0009024508016597086,-0.171477061,10.0
2021-03-13T19:24:30.0,2021-03-13T19:24:30.0,5 minutes,25.0,0.8113636363636364,411.6363636363636,1.0e-9,1.0e-9,Cloudy,4,5,0.0003267973856221039,0.00015581464090763195,-0.215534721,10.0
2021-03-13T19:34:30.0,2021-03-13T19:34:30.0,5 minutes,24.881818181818186,0.7889090909090909,413.6363636363636,1.0e-9,1.0e-9,Cloudy,4,5,-0.0003278145695369539,0.00012204014543929455,-0.24737272,10.0
2021-03-13T19:44:30.0,2021-03-13T19:44:30.0,5 minutes,24.627272727272725,0.8023636363636365,413.6363636363636,1.0e-9,1.0e-9,Cloudy,4,5,-0.00026732673267219876,-0.00039280660260543543,-0.269122474,10.0
2021-03-13T19:54:30.0,2021-03-13T19:54:30.0,5 minutes,24.44545454545455,0.7981818181818183,413.54545454545456,1.0e-9,1.0e-9,Cloudy,4,5,0.00032894736842075344,0.0005123428588270918,-0.276448666,10.0
2021-03-13T20:04:30.0,2021-03-13T20:04:30.0,5 minutes,23.90909090909091,0.8019090909090909,413.8181818181818,1.0e-9,1.0e-9,Cloudy,4,5,-0.0002065573770495143,0.00022907245895562123,-0.280903649,10.0
2021-03-13T20:14:30.0,2021-03-13T20:14:30.0,5 minutes,23.772727272727266,0.8027272727272726,413.3636363636364,1.0e-9,1.0e-9,Cloudy,4,5,-0.0004803921568625311,-0.0003678509067139437,-0.278312279,10.0
2021-03-13T20:24:30.0,2021-03-13T20:24:30.0,5 minutes,23.699999999999992,0.8040909090909091,413.3636363636364,1.0e-9,1.0e-9,Cloudy,4,5,-0.000247524752476148,-0.0005119892396026692,-0.27393801,10.0
2021-03-13T20:34:30.0,2021-03-13T20:34:30.0,5 minutes,23.099999999999998,0.7863636363636364,413.72727272727275,1.0e-9,1.0e-9,Cloudy,4,5,-0.0005993377483445034,-0.00023603568561177224,-0.27590817,10.0
2021-03-13T20:44:30.0,2021-03-13T20:44:30.0,5 minutes,23.0,0.8042727272727274,413.90909090909093,1.0e-9,1.0e-9,Cloudy,4,5,0.00041463414634090146,0.0005566625922239788,-0.275206789,10.0
2021-03-13T20:54:30.0,2021-03-13T20:54:30.0,5 minutes,22.91818181818182,0.7866363636363635,413.54545454545456,1.0e-9,1.0e-9,Cloudy,4,5,0.0,-0.0005108917916147501,-0.267964263,10.0
2021-03-13T21:04:30.0,2021-03-13T21:04:30.0,5 minutes,22.40909090909091,0.8100909090909089,413.09090909090907,1.0e-9,1.0e-9,Cloudy,4,5,0.00027508090614898503,0.00013794818312617206,-0.267277682,10.0
2021-03-13T21:14:30.0,2021-03-13T21:14:30.0,5 minutes,22.400000000000002,0.8143636363636365,414.09090909090907,1.0e-9,1.0e-9,Cloudy,4,5,-0.000309210526315957,-0.00043899904923448,-0.25856952,10.0
2021-03-13T21:24:30.0,2021-03-13T21:24:30.0,5 minutes,22.5,0.8050909090909092,413.54545454545456,1.0e-9,1.0e-9,Cloudy,4,5,0.0006721854304634918,0.000859550617626754,-0.25887163,10.0
2021-03-13T23:24:30.0,2021-03-13T23:24:30.0,5 minutes,22.527272727272727,0.8021818181818182,615.0909090909091,1.0e-9,1.0e-9,Cloudy,4,5,0.0016578947368417942,0.0015249043274919616,-0.087921204,10.0
2021-03-13T23:34:30.0,2021-03-13T23:34:30.0,5 minutes,22.599999999999998,0.7979999999999998,615.9090909090909,1.0e-9,1.0e-9,Cloudy,4,5,-3.960396039660391e-5,-1.7368638890313657e-5,-0.127803198,10.0
2021-03-13T23:44:30.0,2021-03-13T23:44:30.0,5 minutes,22.554545454545455,0.8050909090909092,616.6363636363636,1.0e-9,1.0e-9,Cloudy,4,5,0.0006864686468649626,0.00047826755866192574,-0.148625102,10.0
2021-03-13T23:54:30.0,2021-03-13T23:54:30.0,5 minutes,22.545454545454547,0.8002727272727274,617.3636363636364,1.0e-9,1.0e-9,Cloudy,4,5,-0.00030487804878159694,0.00019190577723499866,-0.169597662,10.0
2021-03-14T00:04:30.0,2021-03-14T00:04:30.0,5 minutes,22.699999999999992,0.7932727272727275,617.8181818181819,1.0e-9,1.0e-9,600ppm,4,5,3.292181070068137e-5,-0.00010313909467907859,-0.183891749,10.0
2021-03-14T00:14:30.0,2021-03-14T00:14:30.0,5 minutes,22.64545454545454,0.7955454545454547,618.8181818181819,1.0e-9,1.0e-9,600ppm,4,5,-0.0004983713355056918,-0.000521465047171597,-0.194589159,10.0
2021-03-14T00:24:30.0,2021-03-14T00:24:30.0,5 minutes,22.64545454545454,0.7969999999999999,619.2727272727273,1.0e-9,1.0e-9,600ppm,4,5,-0.0007770491803281313,-0.0006695105962475754,-0.201036063,10.0
2021-03-14T00:34:30.0,2021-03-14T00:34:30.0,5 minutes,22.58181818181818,0.802,619.4545454545455,1.0e-9,1.0e-9,600ppm,4,5,0.0003300330033000299,8.639694043527339e-6,-0.209694882,10.0
2021-03-14T00:44:30.0,2021-03-14T00:44:30.0,5 minutes,22.599999999999998,0.7966363636363635,619.8181818181819,1.0e-9,1.0e-9,600ppm,4,5,0.0015472312703580099,0.0017429054889423479,-0.211320306,10.0
2021-03-14T00:54:30.0,2021-03-14T00:54:30.0,5 minutes,22.599999999999998,0.7961818181818181,620.7272727272727,1.0e-9,1.0e-9,600ppm,4,5,0.0002878787878788706,0.0002649249686394461,-0.219040562,10.0
2021-03-14T01:04:30.0,2021-03-14T01:04:30.0,5 minutes,22.599999999999998,0.8002727272727271,620.6363636363636,1.0e-9,1.0e-9,600ppm,4,5,0.00029934210526281086,0.0003156624012689507,-0.216856748,10.0
2021-03-14T01:14:30.0,2021-03-14T01:14:30.0,5 minutes,22.599999999999998,0.7992727272727272,620.5454545454545,1.0e-9,1.0e-9,600ppm,4,5,-0.00026644736842148343,-0.00020198782921630425,-0.211912744,10.0
2021-03-14T01:24:30.0,2021-03-14T01:24:30.0,5 minutes,22.599999999999998,0.7979999999999998,621.0,1.0e-9,1.0e-9,600ppm,4,5,6.622516556134789e-6,-0.00013907542676231874,-0.212426752,10.0
2021-03-14T01:34:30.0,2021-03-14T01:34:30.0,5 minutes,22.599999999999998,0.7987272727272726,620.9090909090909,1.0e-9,1.0e-9,600ppm,4,5,0.0006556291390739078,0.00017177474351834788,-0.212031027,10.0
2021-03-14T01:44:30.0,2021-03-14T01:44:30.0,5 minutes,22.599999999999998,0.7989090909090908,620.5454545454545,1.0e-9,1.0e-9,600ppm,4,5,0.00032673267326785503,8.877663647156431e-5,-0.214231873,10.0
2021-03-14T01:54:30.0,2021-03-14T01:54:30.0,5 minutes,22.599999999999998,0.7999090909090909,620.7272727272727,1.0e-9,1.0e-9,600ppm,4,5,0.00013307984790819193,0.00022998061096253882,-0.220602796,10.0
2021-03-14T02:04:30.0,2021-03-14T02:04:30.0,5 minutes,22.599999999999998,0.7979999999999998,619.9090909090909,1.0e-9,1.0e-9,600ppm,4,5,-7.615894039630297e-5,-3.328132608431381e-5,-0.219738518,10.0
2021-03-14T02:14:30.0,2021-03-14T02:14:30.0,5 minutes,22.599999999999998,0.7972727272727274,620.2727272727273,1.0e-9,1.0e-9,600ppm,4,5,-8.469055374540694e-5,-5.4872053262414274e-5,-0.219897401,10.0
2021-03-14T02:24:30.0,2021-03-14T02:24:30.0,5 minutes,22.599999999999998,0.7979999999999998,620.1818181818181,1.0e-9,1.0e-9,600ppm,4,5,0.00011803278688394578,-0.00040575247968567286,-0.217694876,10.0
2021-03-14T02:34:30.0,2021-03-14T02:34:30.0,5 minutes,22.545454545454543,0.8071818181818183,620.4545454545455,1.0e-9,1.0e-9,600ppm,4,5,-0.0003246753246750294,-0.00040174913827793914,-0.217273388,10.0
2021-03-14T02:44:30.0,2021-03-14T02:44:30.0,5 minutes,22.599999999999998,0.8008181818181819,620.2727272727273,1.0e-9,1.0e-9,600ppm,4,5,0.0003366336633658804,0.0006456245228955007,-0.217317685,10.0
2021-03-14T02:54:30.0,2021-03-14T02:54:30.0,5 minutes,22.599999999999998,0.7937272727272727,620.8181818181819,1.0e-9,1.0e-9,600ppm,4,5,0.0,0.0005244544583787415,-0.216114778,10.0
2021-03-14T03:04:30.0,2021-03-14T03:04:30.0,5 minutes,22.599999999999998,0.8009090909090908,621.1818181818181,1.0e-9,1.0e-9,600ppm,4,5,-0.0010588235294119906,-0.0005426205387831322,-0.211676947,10.0
2021-03-14T03:14:30.0,2021-03-14T03:14:30.0,5 minutes,22.599999999999998,0.7994545454545452,621.5454545454545,1.0e-9,1.0e-9,600ppm,4,5,0.0004801324503310656,8.787573350336828e-5,-0.216569217,10.0
2021-03-14T03:24:30.0,2021-03-14T03:24:30.0,5 minutes,22.599999999999998,0.795818181818182,621.0,1.0e-9,1.0e-9,600ppm,4,5,0.0004625407166132903,0.00032639642668539585,-0.217465346,10.0
2021-03-14T03:34:30.0,2021-03-14T03:34:30.0,5 minutes,22.599999999999998,0.8013636363636364,621.5454545454545,1.0e-9,1.0e-9,600ppm,4,5,0.0,0.0002976348188582033,-0.21116561,10.0
2021-03-14T03:44:30.0,2021-03-14T03:44:30.0,5 minutes,22.599999999999998,0.7964545454545455,622.6363636363636,1.0e-9,1.0e-9,600ppm,4,5,-0.0002450331125830103,2.6941079432081472e-5,-0.212495523,10.0
2021-03-14T03:54:30.0,2021-03-14T03:54:30.0,5 minutes,22.599999999999998,0.7979999999999998,621.3636363636364,1.0e-9,1.0e-9,600ppm,4,5,0.0004934210526318781,0.0005665875741183583,-0.211752685,10.0
2021-03-14T04:04:30.0,2021-03-14T04:04:30.0,5 minutes,22.599999999999998,0.8008181818181819,621.6363636363636,1.0e-9,1.0e-9,600ppm,4,5,0.0011452145214513288,0.0011783373542910785,-0.219972692,10.0
2021-03-14T04:14:30.0,2021-03-14T04:14:30.0,5 minutes,22.599999999999998,0.796,621.1818181818181,1.0e-9,1.0e-9,600ppm,4,5,-4.8859934854486704e-5,-0.00019080010937482566,-0.220191248,10.0
2021-03-14T04:24:30.0,2021-03-14T04:24:30.0,5 minutes,22.599999999999998,0.8010909090909091,620.2727272727273,1.0e-9,1.0e-9,600ppm,4,5,3.2573289901509877e-5,0.00023512093637950208,-0.214530883,10.0
2021-03-14T04:34:30.0,2021-03-14T04:34:30.0,5 minutes,22.599999999999998,0.799090909090909,621.2727272727273,1.0e-9,1.0e-9,600ppm,4,5,0.00024013157894692565,0.00035182032541763005,-0.214231668,10.0
2021-03-14T04:44:30.0,2021-03-14T04:44:30.0,5 minutes,22.599999999999998,0.7946363636363636,620.0,1.0e-9,1.0e-9,600ppm,4,5,0.00041118421052631577,0.0004463329784147943,-0.216302293,10.0
2021-03-14T04:54:30.0,2021-03-14T04:54:30.0,5 minutes,22.599999999999998,0.8006363636363636,621.4545454545455,1.0e-9,1.0e-9,600ppm,4,5,-0.00016612377850140351,-5.938685434736026e-5,-0.217401692,10.0
2021-03-14T05:04:30.0,2021-03-14T05:04:30.0,5 minutes,22.599999999999998,0.8014545454545454,622.8181818181819,1.0e-9,1.0e-9,600ppm,4,5,0.00012292358803922654,0.00030551732451939784,-0.218396982,10.0
2021-03-14T05:14:30.0,2021-03-14T05:14:30.0,5 minutes,22.772727272727277,0.8139090909090909,622.2727272727273,1.0e-9,1.0e-9,600ppm,4,5,0.00041254125412541255,0.00026320029257056847,-0.221466467,10.0
2021-03-14T05:24:30.0,2021-03-14T05:24:30.0,5 minutes,23.227272727272727,0.8123636363636365,622.2727272727273,1.0e-9,1.0e-9,600ppm,4,5,0.0006639344262287179,0.0005387997860315441,-0.219009333,10.0
2021-03-14T05:34:30.0,2021-03-14T05:34:30.0,5 minutes,23.627272727272725,0.7951818181818182,622.5454545454545,1.0e-9,1.0e-9,600ppm,4,5,0.0010297029702966934,0.0010948512591508297,-0.225530385,10.0
2021-03-14T05:44:30.0,2021-03-14T05:44:30.0,5 minutes,23.66363636363636,0.7988181818181819,620.8181818181819,1.0e-9,1.0e-9,600ppm,4,5,0.000641025641025058,0.0008589058019779531,-0.222259049,10.0
2021-03-14T05:54:30.0,2021-03-14T05:54:30.0,5 minutes,23.972727272727273,0.807,620.7272727272727,1.0e-9,1.0e-9,600ppm,4,5,0.0003868852459014366,-0.0001329145345784352,-0.223674743,10.0
2021-03-14T06:04:30.0,2021-03-14T06:04:30.0,5 minutes,24.309090909090912,0.7994545454545454,620.5454545454545,0.019090909090909092,12.388854545454548,600ppm,4,5,0.00030897009966877724,-2.5159752408434142e-5,-0.209279047,10.0
2021-03-14T06:14:30.0,2021-03-14T06:14:30.0,5 minutes,24.518181818181816,0.8031818181818182,621.0,0.057272727272727274,37.16656363636364,600ppm,4,5,0.0016600660066011764,0.0013673765850062555,-0.152806749,10.0
2021-03-14T06:24:30.0,2021-03-14T06:24:30.0,5 minutes,24.772727272727277,0.8075454545454547,620.1818181818181,0.09545454545454544,61.944272727272725,600ppm,4,5,0.0012908496732025548,0.0012357944846017107,-0.066949369,10.0
2021-03-14T06:34:30.0,2021-03-14T06:34:30.0,5 minutes,25.127272727272725,0.7989999999999999,618.7272727272727,0.13454545454545455,87.31192727272729,600ppm,4,5,0.0016556291390728477,0.0015947551925084994,0.060265411,10.0
2021-03-14T06:44:30.0,2021-03-14T06:44:30.0,5 minutes,25.327272727272728,0.7983636363636363,615.9090909090909,0.17272727272727273,112.08963636363637,600ppm,4,5,0.002213114754098957,0.001686617917152717,0.231908021,10.0
2021-03-14T06:54:30.0,2021-03-14T06:54:30.0,5 minutes,25.618181818181814,0.8043636363636365,612.7272727272727,0.2109090909090909,136.86734545454547,600ppm,4,5,0.0016414473684203824,0.0015376359487514375,0.422987071,10.0
2021-03-14T07:04:30.0,2021-03-14T07:04:30.0,5 minutes,25.88181818181818,0.7981818181818181,610.0909090909091,0.25363636363636366,164.59478181818184,600ppm,4,5,0.0017643504531730738,0.001458070230691064,0.614509493,10.0
2021-03-14T07:14:30.0,2021-03-14T07:14:30.0,5 minutes,26.109090909090902,0.7918181818181818,606.6363636363636,0.3009090909090909,195.27194545454546,600ppm,4,5,0.0025816993464051097,0.002473229135260321,0.827358337,10.0
2021-03-14T07:24:30.0,2021-03-14T07:24:30.0,5 minutes,26.481818181818184,0.7894545454545454,602.2727272727273,0.34909090909090906,226.53905454545455,600ppm,4,5,0.002712418300653357,0.0020815725102485715,1.02985233,10.0
2021-03-14T07:34:30.0,2021-03-14T07:34:30.0,5 minutes,26.954545454545453,0.7736363636363636,599.2727272727273,0.3936363636363637,255.44638181818186,600ppm,4,5,0.0028717105263159452,0.0028533439105990197,1.232765376,10.0
2021-03-14T07:44:30.0,2021-03-14T07:44:30.0,5 minutes,27.309090909090912,0.7644545454545454,595.8181818181819,0.4409090909090909,286.1235454545455,600ppm,4,5,0.0034473684210533854,0.00298021841149136,1.422101007,10.0
2021-03-14T07:54:30.0,2021-03-14T07:54:30.0,5 minutes,27.5,0.7539090909090909,593.0,0.4890909090909091,317.39065454545454,600ppm,4,5,0.0032839506172830223,0.0031467146226615587,1.603820139,10.0
2021-03-14T08:04:30.0,2021-03-14T08:04:30.0,5 minutes,27.590909090909086,0.7635454545454546,590.2727272727273,0.5336363636363637,346.2979818181819,600ppm,4,5,0.0027019230769240446,0.0022420871863849945,1.765443941,10.0
2021-03-14T08:14:30.0,2021-03-14T08:14:30.0,5 minutes,28.090909090909086,0.7569999999999999,588.2727272727273,0.5809090909090909,376.9751454545455,600ppm,4,5,0.004580858085808316,0.004188432521388802,1.917392796,10.0
2021-03-14T08:24:30.0,2021-03-14T08:24:30.0,5 minutes,28.427272727272733,0.7419090909090911,584.8181818181819,0.629090909090909,408.24225454545456,600ppm,4,5,0.004966887417218543,0.004552348458435025,2.055775709,10.0
2021-03-14T08:34:30.0,2021-03-14T08:34:30.0,5 minutes,28.527272727272734,0.7357272727272727,581.5454545454545,0.6736363636363636,437.14958181818184,600ppm,4,5,0.004397394136807522,0.0043942441220132826,2.170942394,10.0
2021-03-14T08:44:30.0,2021-03-14T08:44:30.0,5 minutes,28.981818181818188,0.7325454545454545,580.8181818181819,0.7209090909090909,467.8267454545455,600ppm,4,5,0.005163934426230403,0.004574113236803187,2.287873825,10.0
2021-03-14T08:54:30.0,2021-03-14T08:54:30.0,5 minutes,29.24545454545455,0.7233636363636364,578.8181818181819,0.769090909090909,499.0938545454546,600ppm,4,5,0.0043708609271528595,0.004359764905115618,2.385303044,10.0
2021-03-14T09:04:30.0,2021-03-14T09:04:30.0,5 minutes,29.599999999999998,0.7162727272727273,577.6363636363636,0.7963636363636364,516.7922181818183,600ppm,4,5,0.002930147058823623,0.002074379257305946,2.471043949,10.0
2021-03-14T09:14:30.0,2021-03-14T09:14:30.0,5 minutes,29.74545454545455,0.6987272727272728,577.4545454545455,0.8145454545454546,528.5911272727274,600ppm,4,5,0.004371710526316376,0.004203258019854433,2.533758006,10.0
2021-03-14T09:24:30.0,2021-03-14T09:24:30.0,5 minutes,29.9,0.6901818181818181,577.2727272727273,0.8327272727272726,540.3900363636363,600ppm,4,5,0.004624999999999832,0.0039834051427338,2.585190696,10.0
2021-03-14T09:34:30.0,2021-03-14T09:34:30.0,5 minutes,30.20909090909091,0.6830909090909091,576.5454545454545,0.850909090909091,552.1889454545455,600ppm,4,5,0.005740131578947009,0.004997626417967742,2.620403738,10.0
2021-03-14T09:44:30.0,2021-03-14T09:44:30.0,5 minutes,30.4,0.6631818181818183,576.0909090909091,0.87,564.5778,600ppm,4,5,0.005491694352160291,0.0049397062135587855,2.651823148,10.0
2021-03-14T09:54:30.0,2021-03-14T09:54:30.0,5 minutes,30.44545454545455,0.6620909090909092,576.2727272727273,0.8881818181818182,576.3767090909091,600ppm,4,5,0.006045751633988117,0.005548327047908775,2.667690863,10.0
2021-03-14T10:04:30.0,2021-03-14T10:04:30.0,5 minutes,30.90909090909091,0.6445454545454544,575.4545454545455,0.9063636363636364,588.1756181818182,600ppm,4,5,0.00521148036253749,0.0049935815974306115,2.685856933,10.0
2021-03-14T10:14:30.0,2021-03-14T10:14:30.0,5 minutes,31.0,0.6273636363636365,576.0909090909091,0.9227272727272726,598.7946363636363,600ppm,4,5,0.005300330033002532,0.004661824552347623,2.692738578,10.0
2021-03-14T10:24:30.0,2021-03-14T10:24:30.0,5 minutes,31.0,0.6250000000000001,574.9090909090909,0.94,610.0036,600ppm,4,5,0.005677631578947739,0.0053876320870118385,2.699625522,10.0
2021-03-14T10:34:30.0,2021-03-14T10:34:30.0,5 minutes,31.436363636363637,0.6178181818181818,575.5454545454545,0.9563636363636364,620.6226181818182,600ppm,4,5,0.007173770491803613,0.00666303060926296,2.702927812,10.0
2021-03-14T10:44:30.0,2021-03-14T10:44:30.0,5 minutes,31.736363636363638,0.5927272727272728,575.5454545454545,0.9727272727272727,631.2416363636364,600ppm,4,5,0.0070759075907583435,0.006435192583511792,2.704327932,10.0
2021-03-14T10:54:30.0,2021-03-14T10:54:30.0,5 minutes,31.736363636363635,0.5795454545454547,575.4545454545455,0.99,642.4506,600ppm,4,5,0.006612903225807039,0.006013973720921672,2.698019163,10.0
2021-03-14T11:04:30.0,2021-03-14T11:04:30.0,5 minutes,31.927272727272733,0.5755454545454546,576.6363636363636,1.0,648.94,600ppm,4,5,0.004354740061162013,0.005119207038706881,2.695516906,10.0
2021-03-14T11:14:30.0,2021-03-14T11:14:30.0,5 minutes,32.06363636363637,0.566909090909091,575.4545454545455,1.0,648.94,600ppm,4,5,0.006636065573771613,0.006142365209588123,2.689952477,10.0
2021-03-14T11:24:30.0,2021-03-14T11:24:30.0,5 minutes,32.10000000000001,0.5660000000000002,576.0909090909091,1.0,648.94,600ppm,4,5,0.007314754098361383,0.006803380205254589,2.67010666,10.0
2021-03-14T11:34:30.0,2021-03-14T11:34:30.0,5 minutes,32.10000000000001,0.561090909090909,576.7272727272727,1.0,648.94,600ppm,4,5,0.006907894736841806,0.006278466620271782,2.65779895,10.0
2021-03-14T11:44:30.0,2021-03-14T11:44:30.0,5 minutes,32.21818181818182,0.5626363636363636,576.7272727272727,1.0,648.94,600ppm,4,5,0.006950331125828345,0.006644478756786577,2.645626733,10.0
2021-03-14T11:54:30.0,2021-03-14T11:54:30.0,5 minutes,32.39999999999999,0.5547272727272727,576.7272727272727,1.0,648.94,600ppm,4,5,0.006907894736841806,0.006429476264062325,2.623235924,10.0
2021-03-14T12:04:30.0,2021-03-14T12:04:30.0,5 minutes,32.38181818181818,0.5467272727272727,576.5454545454545,1.0,648.94,600ppm,4,5,0.0076131147540987425,0.0069413864371336495,2.617380075,10.0
2021-03-14T12:14:30.0,2021-03-14T12:14:30.0,5 minutes,32.40909090909091,0.5399090909090909,577.0909090909091,1.0,648.94,600ppm,4,5,0.006802631578948062,0.006396248980702257,2.599965396,10.0
2021-03-14T12:24:30.0,2021-03-14T12:24:30.0,5 minutes,32.39999999999999,0.5389999999999998,577.6363636363636,1.0,648.94,600ppm,4,5,0.006781045751634879,0.005856057315485369,2.587957103,10.0
2021-03-14T12:34:30.0,2021-03-14T12:34:30.0,5 minutes,32.67272727272727,0.5378181818181819,577.1818181818181,1.0,648.94,600ppm,4,5,0.006763934426228351,0.005714946874070078,2.569290386,10.0
2021-03-14T12:44:30.0,2021-03-14T12:44:30.0,5 minutes,32.80909090909091,0.5266363636363637,577.4545454545455,1.0,648.94,600ppm,4,5,0.007428571428571464,0.006638935362670288,2.54826619,10.0
2021-03-14T12:54:30.0,2021-03-14T12:54:30.0,5 minutes,32.800000000000004,0.5171818181818183,578.7272727272727,1.0,648.94,600ppm,4,5,0.006641447368421818,0.006002653883219672,2.53212051,10.0
2021-03-14T13:04:30.0,2021-03-14T13:04:30.0,5 minutes,32.8,0.5137272727272727,578.0,1.0,648.94,600ppm,4,5,0.006438943894389511,0.0059617483098092115,2.509166955,10.0
2021-03-14T13:14:30.0,2021-03-14T13:14:30.0,5 minutes,32.75454545454545,0.5268181818181819,577.7272727272727,1.0,648.94,600ppm,4,5,0.006612903225805571,0.006000270214192115,2.485273145,10.0
2021-03-14T13:24:30.0,2021-03-14T13:24:30.0,5 minutes,32.699999999999996,0.5346363636363636,578.5454545454545,1.0,648.94,600ppm,4,5,0.006600660066006601,0.0061486423116976375,2.46994479,10.0
2021-03-14T13:34:30.0,2021-03-14T13:34:30.0,5 minutes,32.699999999999996,0.5316363636363637,577.3636363636364,1.0,648.94,600ppm,4,5,0.006950657894737776,0.006395335013436797,2.468118353,10.0
2021-03-14T13:44:30.0,2021-03-14T13:44:30.0,5 minutes,32.66363636363637,0.5450909090909091,577.4545454545455,1.0,648.94,600ppm,4,5,0.006569078947367906,0.005939343593474266,2.458013468,10.0
2021-03-14T13:54:30.0,2021-03-14T13:54:30.0,5 minutes,32.39999999999999,0.5505454545454544,577.9090909090909,1.0,648.94,600ppm,4,5,0.006575657894737668,0.006081748796508078,2.455439416,10.0
2021-03-14T14:04:30.0,2021-03-14T14:04:30.0,5 minutes,32.39999999999999,0.5503636363636365,578.7272727272727,1.0,648.94,600ppm,4,5,0.006937293729373982,0.0064278882681574325,2.459101418,10.0
2021-03-14T14:14:30.0,2021-03-14T14:14:30.0,5 minutes,32.39999999999999,0.5530909090909091,578.3636363636364,1.0,648.94,600ppm,4,5,0.006652597402597332,0.006526962623746779,2.4557044,10.0
2021-03-14T14:24:30.0,2021-03-14T14:24:30.0,5 minutes,32.28181818181818,0.56,578.2727272727273,1.0,648.94,600ppm,4,5,0.006944078947368014,0.006284488602345198,2.448836972,10.0
2021-03-14T14:34:30.0,2021-03-14T14:34:30.0,5 minutes,32.018181818181816,0.5769090909090909,578.7272727272727,1.0,648.94,600ppm,4,5,0.005298013245032812,0.004921551443522739,2.443860702,10.0
2021-03-14T14:44:30.0,2021-03-14T14:44:30.0,5 minutes,32.054545454545455,0.5772727272727274,578.6363636363636,1.0,648.94,600ppm,4,5,0.006330033003299225,0.005428209790001034,2.436667849,10.0
2021-03-14T14:54:30.0,2021-03-14T14:54:30.0,5 minutes,32.0,0.5760000000000002,578.5454545454545,1.0,648.94,600ppm,4,5,0.005374592833876517,0.005188451340937784,2.436936594,10.0
2021-03-14T15:04:30.0,2021-03-14T15:04:30.0,5 minutes,32.0,0.5783636363636364,579.0909090909091,0.9936363636363637,644.8103818181819,600ppm,4,5,0.005516339869281379,0.004990106969892274,2.427782346,10.0
2021-03-14T15:14:30.0,2021-03-14T15:14:30.0,5 minutes,31.44545454545454,0.6080000000000001,579.5454545454545,0.9772727272727273,634.1913636363637,600ppm,4,5,0.00489836065573817,0.0044152720737968545,2.419109815,10.0
2021-03-14T15:24:30.0,2021-03-14T15:24:30.0,5 minutes,31.372727272727275,0.6143636363636363,579.5454545454545,0.96,622.9824,600ppm,4,5,0.005003311258278037,0.004709915779437723,2.403157764,10.0
2021-03-14T15:34:30.0,2021-03-14T15:34:30.0,5 minutes,31.30909090909091,0.6137272727272728,579.1818181818181,0.9436363636363636,612.3633818181819,600ppm,4,5,0.0049504950495049506,0.004002018875748285,2.391702568,10.0
2021-03-14T15:44:30.0,2021-03-14T15:44:30.0,5 minutes,31.05454545454545,0.628,579.9090909090909,0.9272727272727274,601.7443636363637,600ppm,4,5,0.004304635761588501,0.0036248483426277026,2.3719157,10.0
2021-03-14T15:54:30.0,2021-03-14T15:54:30.0,5 minutes,30.83636363636364,0.6486363636363636,580.0909090909091,0.91,590.5354000000001,600ppm,4,5,0.004610561056105395,0.0044029302035601525,2.35113284,10.0
2021-03-14T16:04:30.0,2021-03-14T16:04:30.0,5 minutes,30.59090909090909,0.6542727272727273,580.6363636363636,0.8936363636363636,579.9163818181818,600ppm,4,5,0.004372549019606987,0.004418374889486426,2.32753102,10.0
2021-03-14T16:14:30.0,2021-03-14T16:14:30.0,5 minutes,30.44545454545454,0.6676363636363635,580.8181818181819,0.8754545454545455,568.1174727272728,600ppm,4,5,0.003582089552238263,0.003316024510512616,2.30890222,10.0
2021-03-14T16:24:30.0,2021-03-14T16:24:30.0,5 minutes,30.245454545454546,0.6804545454545452,580.9090909090909,0.8572727272727273,556.3185636363637,600ppm,4,5,0.004480132450331343,0.003820815082557947,2.283756105,10.0
2021-03-14T16:34:30.0,2021-03-14T16:34:30.0,5 minutes,30.000000000000004,0.6873636363636365,582.1818181818181,0.8390909090909091,544.5196545454546,600ppm,4,5,0.0032679738562091504,0.0030881733344312228,2.24451519,10.0
2021-03-14T16:44:30.0,2021-03-14T16:44:30.0,5 minutes,29.772727272727266,0.6998181818181819,583.0909090909091,0.82,532.1308,600ppm,4,5,0.00356634304207075,0.003422268246520831,2.225507746,10.0
2021-03-14T16:54:30.0,2021-03-14T16:54:30.0,5 minutes,29.518181818181823,0.7175454545454545,582.6363636363636,0.8018181818181819,520.331890909091,600ppm,4,5,0.002973509933773786,0.002737760586277506,2.195554209,10.0
2021-03-14T17:04:30.0,2021-03-14T17:04:30.0,5 minutes,29.300000000000008,0.7241818181818183,582.9090909090909,0.7663636363636364,497.32401818181825,600ppm,4,5,0.002485245901640215,0.0023832270315019104,2.16042877,10.0
2021-03-14T17:14:30.0,2021-03-14T17:14:30.0,5 minutes,29.081818181818186,0.7162727272727271,584.0909090909091,0.7190909090909091,466.6468545454546,600ppm,4,5,0.0016274509803923115,0.0009627623461345958,2.115473696,10.0
2021-03-14T17:24:30.0,2021-03-14T17:24:30.0,5 minutes,28.699999999999992,0.7438181818181817,584.4545454545455,0.6709090909090909,435.37974545454546,600ppm,4,5,0.0024691358024687615,0.0024591215452112116,2.057400018,10.0
2021-03-14T17:34:30.0,2021-03-14T17:34:30.0,5 minutes,28.281818181818185,0.7459090909090907,586.0909090909091,0.6263636363636363,406.4724181818182,600ppm,4,5,0.0025065789473674876,0.0023191137321134387,1.98375922,10.0
2021-03-14T17:44:30.0,2021-03-14T17:44:30.0,5 minutes,28.15454545454545,0.7446363636363639,587.6363636363636,0.5790909090909091,375.7952545454546,600ppm,4,5,0.002390728476821879,0.002129242839316063,1.902613584,10.0
2021-03-14T17:54:30.0,2021-03-14T17:54:30.0,5 minutes,27.699999999999992,0.769818181818182,588.7272727272727,0.5309090909090909,344.5281454545455,600ppm,4,5,0.0014701986754965563,0.0015644270903452625,1.822538175,10.0
2021-03-14T18:03:30.0,2021-03-14T18:03:30.0,5 minutes,27.563636363636363,0.754,590.8181818181819,0.47,305.0018,600ppm,4,5,0.0022284768211928117,0.0018158192993062705,1.729379649,10.0
2021-03-14T18:13:30.0,2021-03-14T18:13:30.0,5 minutes,27.199999999999992,0.7759090909090909,592.5454545454545,0.3854545454545455,250.1368727272728,600ppm,4,5,0.0013617021276591654,0.0008438030266297896,1.592490214,10.0
2021-03-14T18:23:30.0,2021-03-14T18:23:30.0,5 minutes,26.636363636363637,0.7889090909090908,595.6363636363636,0.3,194.68200000000002,600ppm,4,5,0.000717948717949231,0.00047731279362828,1.407832739,10.0
2021-03-14T18:33:30.0,2021-03-14T18:33:30.0,5 minutes,26.53636363636364,0.7962727272727272,598.5454545454545,0.21545454545454545,139.81707272727274,600ppm,4,5,0.0009836065573761545,0.0008747625468745035,1.194533969,10.0
2021-03-14T18:43:30.0,2021-03-14T18:43:30.0,5 minutes,26.300000000000008,0.7941818181818183,602.9090909090909,0.13,84.36220000000002,600ppm,4,5,0.0011508196721315173,0.0009243097274140356,0.937670138,10.0
2021-03-14T18:53:30.0,2021-03-14T18:53:30.0,5 minutes,25.87272727272728,0.7849090909090909,608.2727272727273,0.045454545454545456,29.49727272727273,600ppm,4,5,0.0004158415841590882,0.0004458161389890234,0.637675914,10.0
2021-03-14T19:03:30.0,2021-03-14T19:03:30.0,5 minutes,25.572727272727267,0.8033636363636363,612.0,1.0e-9,1.0e-9,600ppm,4,5,0.00045573770491843835,0.00048397710876316765,0.363328988,10.0
2021-03-14T19:13:30.0,2021-03-14T19:13:30.0,5 minutes,25.454545454545453,0.7954545454545452,616.0,1.0e-9,1.0e-9,600ppm,4,5,0.0004065040650402807,-0.0001333542107052672,0.135576514,10.0
2021-03-14T19:23:30.0,2021-03-14T19:23:30.0,5 minutes,25.00909090909091,0.8121818181818183,618.0,1.0e-9,1.0e-9,600ppm,4,5,-7.74193548398128e-5,-0.0002647573739302574,-0.000719747,10.0
2021-03-14T19:33:30.0,2021-03-14T19:33:30.0,5 minutes,24.809090909090912,0.8100909090909092,619.0,1.0e-9,1.0e-9,600ppm,4,5,-0.0004215686274521574,-0.00025194410309113837,-0.101377686,10.0
2021-03-14T19:43:30.0,2021-03-14T19:43:30.0,5 minutes,24.518181818181816,0.8006363636363636,620.9090909090909,1.0e-9,1.0e-9,600ppm,4,5,0.0006953642384107165,8.913449906558618e-5,-0.172398997,10.0
2021-03-14T19:53:30.0,2021-03-14T19:53:30.0,5 minutes,24.472727272727276,0.793090909090909,620.0,1.0e-9,1.0e-9,600ppm,4,5,0.0003311258278142684,0.0004738108283108869,-0.215431327,10.0
2021-03-14T20:03:30.0,2021-03-14T20:03:30.0,5 minutes,24.199999999999992,0.8009090909090909,621.0,1.0e-9,1.0e-9,600ppm,4,5,-0.00015181518151906432,0.00012997692510766006,-0.244296259,10.0
2021-03-14T20:13:30.0,2021-03-14T20:13:30.0,5 minutes,23.900000000000002,0.8027272727272726,620.9090909090909,1.0e-9,1.0e-9,600ppm,4,5,-0.0004671052631588162,-0.00013114509881871403,-0.259820188,10.0
2021-03-14T20:23:30.0,2021-03-14T20:23:30.0,5 minutes,23.40909090909091,0.8013636363636364,621.0,1.0e-9,1.0e-9,600ppm,4,5,0.0003741721854298974,0.00015244179146084233,-0.282402387,10.0
2021-03-14T20:33:30.0,2021-03-14T20:33:30.0,5 minutes,23.400000000000002,0.8026363636363637,620.0,1.0e-9,1.0e-9,600ppm,4,5,0.00019407894736906726,0.0002756008882165426,-0.284760985,10.0
2021-03-14T20:43:30.0,2021-03-14T20:43:30.0,5 minutes,22.93636363636364,0.8045454545454543,620.4545454545455,1.0e-9,1.0e-9,600ppm,4,5,5.245901639220213e-5,-0.000241483961605327,-0.293477205,10.0
2021-03-14T20:53:30.0,2021-03-14T20:53:30.0,5 minutes,22.76363636363637,0.8087272727272726,620.1818181818181,1.0e-9,1.0e-9,600ppm,4,5,-0.0003377049180330016,-0.00021579731743657387,-0.295982014,10.0
2021-03-14T21:03:30.0,2021-03-14T21:03:30.0,5 minutes,22.599999999999998,0.8008181818181818,620.0909090909091,1.0e-9,1.0e-9,600ppm,4,5,9.93377483344929e-6,-0.0004373113512988046,-0.305670524,10.0
2021-03-14T21:13:30.0,2021-03-14T21:13:30.0,5 minutes,22.599999999999998,0.8011818181818182,621.1818181818181,1.0e-9,1.0e-9,600ppm,4,5,9.210526315721261e-5,2.9519440652183345e-5,-0.306886508,10.0
2021-03-14T21:23:30.0,2021-03-14T21:23:30.0,5 minutes,22.599999999999998,0.7961818181818182,621.1818181818181,1.0e-9,1.0e-9,600ppm,4,5,-7.467532467577352e-5,-0.00034570585052426015,-0.307066744,10.0
2021-03-14T21:33:30.0,2021-03-14T21:33:30.0,5 minutes,22.599999999999998,0.795818181818182,621.1818181818181,1.0e-9,1.0e-9,600ppm,4,5,-0.00020327868852425618,-0.00011023691095055005,-0.305711937,10.0
2021-03-14T21:43:30.0,2021-03-14T21:43:30.0,5 minutes,22.5,0.7990909090909091,620.9090909090909,1.0e-9,1.0e-9,600ppm,4,5,-0.00046534653465371746,-0.0003589819987588578,-0.306169601,10.0
2021-03-14T21:53:30.0,2021-03-14T21:53:30.0,5 minutes,22.5,0.8034545454545454,621.5454545454545,1.0e-9,1.0e-9,600ppm,4,5,-3.300330033675666e-6,-0.00018012764521438114,-0.304967152,10.0
2021-03-14T22:03:30.0,2021-03-14T22:03:30.0,5 minutes,22.454545454545457,0.8082727272727271,621.8181818181819,1.0e-9,1.0e-9,600ppm,4,5,-0.0006360655737703605,-0.00037106343912141776,-0.301952884,10.0
2021-03-14T22:13:30.0,2021-03-14T22:13:30.0,5 minutes,22.599999999999998,0.7991818181818179,621.8181818181819,1.0e-9,1.0e-9,600ppm,4,5,0.0009105960264903674,0.000821311098448015,-0.296568561,10.0
2021-03-14T22:23:30.0,2021-03-14T22:23:30.0,5 minutes,22.599999999999998,0.7996363636363636,622.3636363636364,1.0e-9,1.0e-9,600ppm,4,5,-0.00041254125412541255,-0.0003484280827493775,-0.301978083,10.0
2021-03-14T22:33:30.0,2021-03-14T22:33:30.0,5 minutes,22.599999999999998,0.7979999999999998,624.3636363636364,1.0e-9,1.0e-9,600ppm,4,5,0.001310231023102094,0.001234740108456968,-0.31641897,10.0
2021-03-14T22:43:30.0,2021-03-14T22:43:30.0,5 minutes,22.599999999999998,0.7976363636363637,623.2727272727273,1.0e-9,1.0e-9,600ppm,4,5,-0.0009959349593491498,-0.001256173220296833,-0.308086534,10.0
2021-03-14T22:53:30.0,2021-03-14T22:53:30.0,5 minutes,22.599999999999998,0.8014545454545454,624.9090909090909,1.0e-9,1.0e-9,600ppm,4,5,1.9672131147075798e-5,-0.00045517870025537835,-0.303972432,10.0
2021-03-14T23:03:30.0,2021-03-14T23:03:30.0,5 minutes,22.563636363636363,0.8004545454545454,622.7272727272727,1.0e-9,1.0e-9,600ppm,4,5,-0.00032890365448558163,-0.00033644845695670987,-0.296367084,10.0
2021-03-14T23:13:30.0,2021-03-14T23:13:30.0,5 minutes,22.700000000000003,0.799,624.2727272727273,1.0e-9,1.0e-9,600ppm,4,5,0.0012931596091217891,0.0018371266002856733,-0.296420244,10.0
2021-03-14T23:23:30.0,2021-03-14T23:23:30.0,5 minutes,22.699999999999992,0.7921818181818179,624.9090909090909,1.0e-9,1.0e-9,600ppm,4,5,-6.6006600658505156e-6,5.6736118309680914e-5,-0.288578251,10.0
2021-03-14T23:33:30.0,2021-03-14T23:33:30.0,5 minutes,22.599999999999998,0.7959090909090909,625.4545454545455,1.0e-9,1.0e-9,600ppm,4,5,9.900990098025366e-6,-8.493593706017381e-5,-0.273736372,10.0
2021-03-14T23:43:30.0,2021-03-14T23:43:30.0,5 minutes,22.599999999999998,0.7981818181818181,625.7272727272727,1.0e-9,1.0e-9,600ppm,4,5,-0.00048184818481909416,-0.0005703262341504124,-0.268266963,10.0
2021-03-14T23:53:30.0,2021-03-14T23:53:30.0,5 minutes,22.599999999999998,0.7996363636363636,626.1818181818181,1.0e-9,1.0e-9,600ppm,4,5,-0.00020462046204736925,-3.200787887599673e-6,-0.272286861,10.0
